#,year,month,category,is_korean,paid_amount
1,2018,1,호텔,1,41665708
2,2018,1,기타숙박,1,67423935
3,2018,1,여행업,1,20393343
4,2018,1,항공운송,1,64927862
5,2018,1,면세점,1,62264092
6,2018,1,관광기념품,1,4723330
7,2018,1,레저용품쇼핑,1,176406167
8,2018,1,대형쇼핑몰,1,770393590
9,2018,1,관광유원시설,1,6662306
10,2018,1,골프장,1,35429908
11,2018,1,기타레저,1,48947189
12,2018,1,문화서비스,1,48162156
13,2018,1,식음료,1,1675149043
14,2018,1,렌터카,1,4117106
15,2018,1,콘도,1,23317832
16,2018,1,육상운송,1,84582744
17,2018,1,수상운송,1,2359130
18,2018,1,스키장,1,6328161
19,2018,2,호텔,1,34707730
20,2018,2,기타숙박,1,60658659
21,2018,2,여행업,1,17045625
22,2018,2,항공운송,1,50642533
23,2018,2,면세점,1,54691814
24,2018,2,관광기념품,1,4359827
25,2018,2,레저용품쇼핑,1,169396890
26,2018,2,대형쇼핑몰,1,822689433
27,2018,2,관광유원시설,1,6306909
28,2018,2,골프장,1,45918830
29,2018,2,기타레저,1,45433906
30,2018,2,문화서비스,1,35446866
31,2018,2,식음료,1,1526472071
32,2018,2,렌터카,1,3971985
33,2018,2,콘도,1,16927386
34,2018,2,육상운송,1,73796648
35,2018,2,수상운송,1,2485802
36,2018,2,스키장,1,4283018
37,2018,2,카지노,1,507
38,2018,3,호텔,1,35985483
39,2018,3,기타숙박,1,69247692
40,2018,3,여행업,1,17280486
41,2018,3,항공운송,1,58391280
42,2018,3,면세점,1,56481090
43,2018,3,관광기념품,1,5692791
44,2018,3,레저용품쇼핑,1,228352982
45,2018,3,대형쇼핑몰,1,853722484
46,2018,3,관광유원시설,1,8043408
47,2018,3,골프장,1,105088806
48,2018,3,기타레저,1,52141065
49,2018,3,문화서비스,1,31894195
50,2018,3,식음료,1,1830589349
51,2018,3,렌터카,1,4052257
52,2018,3,콘도,1,9888861
53,2018,3,육상운송,1,78897491
54,2018,3,수상운송,1,3617742
55,2018,3,스키장,1,561147
56,2018,3,카지노,1,0
57,2018,4,호텔,1,35846669
58,2018,4,기타숙박,1,68919372
59,2018,4,여행업,1,17946725
60,2018,4,항공운송,1,60905885
61,2018,4,면세점,1,60477767
62,2018,4,관광기념품,1,6412754
63,2018,4,레저용품쇼핑,1,227827746
64,2018,4,대형쇼핑몰,1,785505482
65,2018,4,관광유원시설,1,7239731
66,2018,4,골프장,1,127389597
67,2018,4,기타레저,1,48605685
68,2018,4,문화서비스,1,38559676
69,2018,4,식음료,1,1801435582
70,2018,4,렌터카,1,4543170
71,2018,4,콘도,1,11679143
72,2018,4,육상운송,1,79725856
73,2018,4,수상운송,1,5388445
74,2018,4,스키장,1,343302
75,2018,5,호텔,1,39952647
76,2018,5,기타숙박,1,71747936
77,2018,5,여행업,1,20152603
78,2018,5,항공운송,1,59023887
79,2018,5,면세점,1,60845172
80,2018,5,관광기념품,1,6780717
81,2018,5,레저용품쇼핑,1,234945811
82,2018,5,대형쇼핑몰,1,850531283
83,2018,5,관광유원시설,1,9130543
84,2018,5,골프장,1,144152339
85,2018,5,기타레저,1,53086646
86,2018,5,문화서비스,1,43962535
87,2018,5,식음료,1,1907871941
88,2018,5,렌터카,1,5128107
89,2018,5,콘도,1,14437084
90,2018,5,육상운송,1,81500012
91,2018,5,수상운송,1,6506642
92,2018,5,스키장,1,547308
93,2018,6,호텔,1,37147801
94,2018,6,기타숙박,1,70445028
95,2018,6,여행업,1,18739872
96,2018,6,항공운송,1,60279932
97,2018,6,면세점,1,63025308
98,2018,6,관광기념품,1,5954724
99,2018,6,레저용품쇼핑,1,204729605
100,2018,6,대형쇼핑몰,1,792405867
101,2018,6,관광유원시설,1,8726050
102,2018,6,골프장,1,148257403
103,2018,6,기타레저,1,51502263
104,2018,6,문화서비스,1,41165734
105,2018,6,식음료,1,1811279371
106,2018,6,렌터카,1,4799055
107,2018,6,콘도,1,15116795
108,2018,6,육상운송,1,75105182
109,2018,6,수상운송,1,6339106
110,2018,6,스키장,1,541731
111,2018,7,호텔,1,41306267
112,2018,7,기타숙박,1,77153695
113,2018,7,여행업,1,22125454
114,2018,7,항공운송,1,63524823
115,2018,7,면세점,1,60555088
116,2018,7,관광기념품,1,5325388
117,2018,7,레저용품쇼핑,1,186152255
118,2018,7,대형쇼핑몰,1,837697858
119,2018,7,관광유원시설,1,10155007
120,2018,7,골프장,1,120874328
121,2018,7,기타레저,1,57706766
122,2018,7,문화서비스,1,50037589
123,2018,7,식음료,1,1866584631
124,2018,7,렌터카,1,5865058
125,2018,7,콘도,1,23411937
126,2018,7,육상운송,1,80364670
127,2018,7,수상운송,1,6456498
128,2018,7,스키장,1,816408
129,2018,8,호텔,1,49486180
130,2018,8,기타숙박,1,85038274
131,2018,8,여행업,1,17218530
132,2018,8,항공운송,1,56621140
133,2018,8,면세점,1,62222052
134,2018,8,관광기념품,1,5814313
135,2018,8,레저용품쇼핑,1,149546718
136,2018,8,대형쇼핑몰,1,789281154
137,2018,8,관광유원시설,1,11990068
138,2018,8,골프장,1,107043464
139,2018,8,기타레저,1,62937065
140,2018,8,문화서비스,1,69185909
141,2018,8,식음료,1,1917143449
142,2018,8,렌터카,1,6401878
143,2018,8,콘도,1,31872146
144,2018,8,육상운송,1,83180763
145,2018,8,수상운송,1,7381136
146,2018,8,스키장,1,1168907
147,2018,9,호텔,1,39287004
148,2018,9,기타숙박,1,69666233
149,2018,9,여행업,1,18270299
150,2018,9,항공운송,1,52685403
151,2018,9,면세점,1,56394549
152,2018,9,관광기념품,1,5642905
153,2018,9,레저용품쇼핑,1,207604768
154,2018,9,대형쇼핑몰,1,921449706
155,2018,9,관광유원시설,1,8866692
156,2018,9,골프장,1,137300151
157,2018,9,기타레저,1,53281413
158,2018,9,문화서비스,1,43582742
159,2018,9,식음료,1,1792289740
160,2018,9,렌터카,1,4587545
161,2018,9,콘도,1,14794340
162,2018,9,육상운송,1,78391081
163,2018,9,수상운송,1,6496881
164,2018,9,스키장,1,652141
165,2018,10,호텔,1,39829839
166,2018,10,기타숙박,1,71487575
167,2018,10,여행업,1,16640044
168,2018,10,항공운송,1,62270944
169,2018,10,면세점,1,58413794
170,2018,10,관광기념품,1,5933563
171,2018,10,레저용품쇼핑,1,259817903
172,2018,10,대형쇼핑몰,1,856242350
173,2018,10,관광유원시설,1,8802361
174,2018,10,골프장,1,144409570
175,2018,10,기타레저,1,52412630
176,2018,10,문화서비스,1,40093070
177,2018,10,식음료,1,1807273108
178,2018,10,렌터카,1,4550757
179,2018,10,콘도,1,13997445
180,2018,10,육상운송,1,81792162
181,2018,10,수상운송,1,6884539
182,2018,10,스키장,1,636428
183,2018,11,호텔,1,38234018
184,2018,11,기타숙박,1,68200534
185,2018,11,여행업,1,14747920
186,2018,11,항공운송,1,51707315
187,2018,11,면세점,1,59627175
188,2018,11,관광기념품,1,5713825
189,2018,11,레저용품쇼핑,1,246407553
190,2018,11,대형쇼핑몰,1,833089811
191,2018,11,관광유원시설,1,7284320
192,2018,11,골프장,1,122890631
193,2018,11,기타레저,1,46768784
194,2018,11,문화서비스,1,42765507
195,2018,11,식음료,1,1732367431
196,2018,11,렌터카,1,4207822
197,2018,11,콘도,1,11670997
198,2018,11,육상운송,1,79988827
199,2018,11,수상운송,1,5423359
200,2018,11,스키장,1,599178
201,2018,12,호텔,1,58338597
202,2018,12,기타숙박,1,74338487
203,2018,12,여행업,1,17884289
204,2018,12,항공운송,1,51435898
205,2018,12,면세점,1,57319421
206,2018,12,관광기념품,1,5332490
207,2018,12,레저용품쇼핑,1,229770467
208,2018,12,대형쇼핑몰,1,945032885
209,2018,12,관광유원시설,1,7977827
210,2018,12,골프장,1,60802599
211,2018,12,기타레저,1,52207412
212,2018,12,문화서비스,1,50147370
213,2018,12,식음료,1,1924882169
214,2018,12,렌터카,1,4469775
215,2018,12,콘도,1,17921395
216,2018,12,육상운송,1,78419193
217,2018,12,수상운송,1,3840904
218,2018,12,스키장,1,4420669
219,2018,1,캠핑장/펜션,1,267956
220,2018,2,캠핑장/펜션,1,233194
221,2018,3,캠핑장/펜션,1,281867
222,2018,4,캠핑장/펜션,1,327566
223,2018,5,캠핑장/펜션,1,416447
224,2018,6,캠핑장/펜션,1,405817
225,2018,7,캠핑장/펜션,1,528819
226,2018,8,캠핑장/펜션,1,695575
227,2018,9,캠핑장/펜션,1,326799
228,2018,10,캠핑장/펜션,1,338328
229,2018,11,캠핑장/펜션,1,276790
230,2018,12,캠핑장/펜션,1,283399
231,2019,1,호텔,1,46075422
232,2019,1,기타숙박,1,65207783
233,2019,1,여행업,1,22385871
234,2019,1,항공운송,1,61923433
235,2019,1,면세점,1,62665018
236,2019,1,관광기념품,1,5234248
237,2019,1,레저용품쇼핑,1,164839234
238,2019,1,대형쇼핑몰,1,798105016
239,2019,1,관광유원시설,1,7409828
240,2019,1,골프장,1,46692360
241,2019,1,기타레저,1,55973561
242,2019,1,문화서비스,1,43430789
243,2019,1,식음료,1,1749186776
244,2019,1,렌터카,1,4279753
245,2019,1,콘도,1,19301172
246,2019,1,육상운송,1,80095064
247,2019,1,수상운송,1,3854725
248,2019,1,스키장,1,6110835
249,2019,2,호텔,1,41683835
250,2019,2,기타숙박,1,60348910
251,2019,2,여행업,1,15550261
252,2019,2,항공운송,1,56233140
253,2019,2,면세점,1,56890008
254,2019,2,관광기념품,1,4887457
255,2019,2,레저용품쇼핑,1,159178090
256,2019,2,대형쇼핑몰,1,772348881
257,2019,2,관광유원시설,1,7914289
258,2019,2,골프장,1,61254720
259,2019,2,기타레저,1,53546534
260,2019,2,문화서비스,1,50159884
261,2019,2,식음료,1,1596427512
262,2019,2,렌터카,1,4576026
263,2019,2,콘도,1,17164080
264,2019,2,육상운송,1,70649434
265,2019,2,수상운송,1,4024367
266,2019,2,스키장,1,4260048
267,2019,2,카지노,1,0
268,2019,3,호텔,1,39480117
269,2019,3,기타숙박,1,68499224
270,2019,3,여행업,1,15554458
271,2019,3,항공운송,1,59034002
272,2019,3,면세점,1,56777699
273,2019,3,관광기념품,1,6134825
274,2019,3,레저용품쇼핑,1,208241537
275,2019,3,대형쇼핑몰,1,883176538
276,2019,3,관광유원시설,1,8513663
277,2019,3,골프장,1,121154340
278,2019,3,기타레저,1,55534413
279,2019,3,문화서비스,1,37903715
280,2019,3,식음료,1,1851470300
281,2019,3,렌터카,1,4629065
282,2019,3,콘도,1,11437490
283,2019,3,육상운송,1,77138165
284,2019,3,수상운송,1,5418403
285,2019,3,스키장,1,567491
286,2019,4,호텔,1,38213121
287,2019,4,기타숙박,1,64874811
288,2019,4,여행업,1,17433259
289,2019,4,항공운송,1,53353061
290,2019,4,면세점,1,56540957
291,2019,4,관광기념품,1,6564455
292,2019,4,레저용품쇼핑,1,206660607
293,2019,4,대형쇼핑몰,1,761941743
294,2019,4,관광유원시설,1,7560316
295,2019,4,골프장,1,138057401
296,2019,4,기타레저,1,49754123
297,2019,4,문화서비스,1,38977031
298,2019,4,식음료,1,1754503766
299,2019,4,렌터카,1,4909928
300,2019,4,콘도,1,10947369
301,2019,4,육상운송,1,77666035
302,2019,4,수상운송,1,6723041
303,2019,4,스키장,1,368891
304,2019,5,호텔,1,42762107
305,2019,5,기타숙박,1,69342724
306,2019,5,여행업,1,16836944
307,2019,5,항공운송,1,55563392
308,2019,5,면세점,1,57487057
309,2019,5,관광기념품,1,6998188
310,2019,5,레저용품쇼핑,1,231399363
311,2019,5,대형쇼핑몰,1,849325815
312,2019,5,관광유원시설,1,8723673
313,2019,5,골프장,1,158483070
314,2019,5,기타레저,1,56105801
315,2019,5,문화서비스,1,49079019
316,2019,5,식음료,1,1912745202
317,2019,5,렌터카,1,5435618
318,2019,5,육상운송,1,80068555
319,2019,5,콘도,1,13346064
320,2019,5,수상운송,1,7098479
321,2019,5,스키장,1,608490
322,2019,6,호텔,1,41183718
323,2019,6,기타숙박,1,69566401
324,2019,6,여행업,1,14187318
325,2019,6,항공운송,1,60878268
326,2019,6,면세점,1,63055057
327,2019,6,관광기념품,1,6194443
328,2019,6,레저용품쇼핑,1,189084480
329,2019,6,대형쇼핑몰,1,779062362
330,2019,6,관광유원시설,1,9303727
331,2019,6,골프장,1,157174292
332,2019,6,기타레저,1,56786919
333,2019,6,문화서비스,1,56456030
334,2019,6,식음료,1,1812963984
335,2019,6,렌터카,1,5432722
336,2019,6,육상운송,1,75168494
337,2019,6,콘도,1,15620402
338,2019,6,수상운송,1,6039008
339,2019,6,스키장,1,629898
340,2019,7,호텔,1,42244878
341,2019,7,기타숙박,1,72108893
342,2019,7,여행업,1,19505860
343,2019,7,항공운송,1,65516460
344,2019,7,면세점,1,57865608
345,2019,7,관광기념품,1,5504210
346,2019,7,레저용품쇼핑,1,167238467
347,2019,7,대형쇼핑몰,1,740855691
348,2019,7,관광유원시설,1,9381909
349,2019,7,골프장,1,133995542
350,2019,7,기타레저,1,62817579
351,2019,7,문화서비스,1,55291517
352,2019,7,식음료,1,1819165224
353,2019,7,콘도,1,21750371
354,2019,7,렌터카,1,6401517
355,2019,7,육상운송,1,80173687
356,2019,7,수상운송,1,5848425
357,2019,7,스키장,1,741985
358,2019,7,카지노,1,368
359,2019,8,호텔,1,53319094
360,2019,8,기타숙박,1,83797870
361,2019,8,여행업,1,15122387
362,2019,8,항공운송,1,51358434
363,2019,8,면세점,1,56172060
364,2019,8,관광기념품,1,6556593
365,2019,8,레저용품쇼핑,1,149232409
366,2019,8,대형쇼핑몰,1,781488205
367,2019,8,관광유원시설,1,12034404
368,2019,8,골프장,1,131773542
369,2019,8,기타레저,1,67696825
370,2019,8,문화서비스,1,66243821
371,2019,8,식음료,1,1948110868
372,2019,8,콘도,1,32044036
373,2019,8,육상운송,1,87338626
374,2019,8,렌터카,1,7666247
375,2019,8,수상운송,1,7605938
376,2019,8,스키장,1,1238475
377,2019,8,카지노,1,0
378,2019,9,호텔,1,38883829
379,2019,9,기타숙박,1,63291079
380,2019,9,여행업,1,14845298
381,2019,9,항공운송,1,47083938
382,2019,9,면세점,1,52618969
383,2019,9,관광기념품,1,5147093
384,2019,9,레저용품쇼핑,1,176228034
385,2019,9,대형쇼핑몰,1,828130017
386,2019,9,관광유원시설,1,8512051
387,2019,9,골프장,1,130388060
388,2019,9,기타레저,1,56886496
389,2019,9,문화서비스,1,40898898
390,2019,9,식음료,1,1677029280
391,2019,9,육상운송,1,72131264
392,2019,9,렌터카,1,5494911
393,2019,9,콘도,1,13547270
394,2019,9,수상운송,1,4833192
395,2019,9,스키장,1,529926
396,2019,10,호텔,1,43062261
397,2019,10,기타숙박,1,70773624
398,2019,10,여행업,1,13718261
399,2019,10,항공운송,1,51239894
400,2019,10,면세점,1,54465332
401,2019,10,관광기념품,1,6683813
402,2019,10,레저용품쇼핑,1,221552400
403,2019,10,대형쇼핑몰,1,808923796
404,2019,10,관광유원시설,1,9735619
405,2019,10,골프장,1,159331122
406,2019,10,기타레저,1,56707197
407,2019,10,문화서비스,1,46144808
408,2019,10,식음료,1,1833539337
409,2019,10,콘도,1,15101572
410,2019,10,육상운송,1,79287309
411,2019,10,렌터카,1,6393264
412,2019,10,수상운송,1,6499666
413,2019,10,스키장,1,760801
414,2019,11,호텔,1,42373662
415,2019,11,기타숙박,1,66673029
416,2019,11,여행업,1,12517780
417,2019,11,항공운송,1,49659618
418,2019,11,면세점,1,55942470
419,2019,11,관광기념품,1,6744791
420,2019,11,레저용품쇼핑,1,225817758
421,2019,11,대형쇼핑몰,1,846047989
422,2019,11,관광유원시설,1,10374704
423,2019,11,골프장,1,137195384
424,2019,11,기타레저,1,25482843
425,2019,11,문화서비스,1,44087627
426,2019,11,식음료,1,1767548837
427,2019,11,콘도,1,12802128
428,2019,11,렌터카,1,5859650
429,2019,11,육상운송,1,75370375
430,2019,11,캠핑장/펜션,1,549496
431,2019,11,수상운송,1,5201286
432,2019,11,스키장,1,831269
433,2019,12,호텔,1,58802014
434,2019,12,기타숙박,1,68674688
435,2019,12,여행업,1,15306942
436,2019,12,항공운송,1,67666090
437,2019,12,면세점,1,57458753
438,2019,12,관광기념품,1,5982249
439,2019,12,레저용품쇼핑,1,190576232
440,2019,12,대형쇼핑몰,1,879558050
441,2019,12,관광유원시설,1,10884716
442,2019,12,골프장,1,73187362
443,2019,12,기타레저,1,27868747
444,2019,12,문화서비스,1,49146462
445,2019,12,식음료,1,1918751213
446,2019,12,렌터카,1,6328943
447,2019,12,육상운송,1,77925095
448,2019,12,캠핑장/펜션,1,473935
449,2019,12,수상운송,1,3708848
450,2019,12,스키장,1,4147579
451,2019,12,콘도,1,18327868
452,2019,1,캠핑장/펜션,1,248512
453,2019,2,캠핑장/펜션,1,257632
454,2019,3,캠핑장/펜션,1,276252
455,2019,4,캠핑장/펜션,1,306178
456,2019,5,캠핑장/펜션,1,397233
457,2019,6,캠핑장/펜션,1,409815
458,2019,7,캠핑장/펜션,1,512749
459,2019,8,캠핑장/펜션,1,749680
460,2019,9,캠핑장/펜션,1,315883
461,2019,10,캠핑장/펜션,1,381746
462,2020,1,호텔,1,47498667
463,2020,1,기타숙박,1,60005524
464,2020,1,여행업,1,12961904
465,2020,1,항공운송,1,49286165
466,2020,1,면세점,1,55614787
467,2020,1,관광기념품,1,5167981
468,2020,1,레저용품쇼핑,1,146512942
469,2020,1,대형쇼핑몰,1,798708763
470,2020,1,관광유원시설,1,9131803
471,2020,1,골프장,1,56188977
472,2020,1,기타레저,1,30293653
473,2020,1,문화서비스,1,40887862
474,2020,1,식음료,1,1694394523
475,2020,1,콘도,1,21506146
476,2020,1,렌터카,1,5935070
477,2020,1,육상운송,1,75140057
478,2020,1,캠핑장/펜션,1,462038
479,2020,1,수상운송,1,3610356
480,2020,1,스키장,1,6066934
481,2020,2,호텔,1,29262061
482,2020,2,기타숙박,1,48987781
483,2020,2,여행업,1,4169168
484,2020,2,항공운송,1,21019825
485,2020,2,면세점,1,23866978
486,2020,2,관광기념품,1,3158146
487,2020,2,레저용품쇼핑,1,115097716
488,2020,2,대형쇼핑몰,1,579579011
489,2020,2,관광유원시설,1,4323743
490,2020,2,골프장,1,70622598
491,2020,2,기타레저,1,19203192
492,2020,2,문화서비스,1,19667310
493,2020,2,식음료,1,1354637407
494,2020,2,콘도,1,10903236
495,2020,2,렌터카,1,4816586
496,2020,2,육상운송,1,42548722
497,2020,2,캠핑장/펜션,1,357585
498,2020,2,수상운송,1,2461899
499,2020,2,스키장,1,2616633
500,2020,3,호텔,1,15889568
501,2020,3,기타숙박,1,40993992
502,2020,3,여행업,1,2298522
503,2020,3,항공운송,1,12149649
504,2020,3,렌터카,1,4569733
505,2020,3,면세점,1,8707378
506,2020,3,관광기념품,1,2517394
507,2020,3,레저용품쇼핑,1,131034942
508,2020,3,대형쇼핑몰,1,571800570
509,2020,3,관광유원시설,1,3340519
510,2020,3,골프장,1,116349472
511,2020,3,기타레저,1,14447190
512,2020,3,문화서비스,1,9059767
513,2020,3,식음료,1,1235451068
514,2020,3,육상운송,1,24757167
515,2020,3,캠핑장/펜션,1,404202
516,2020,3,수상운송,1,2506809
517,2020,3,스키장,1,102520
518,2020,3,콘도,1,4654994
519,2020,4,호텔,1,18503018
520,2020,4,기타숙박,1,44448632
521,2020,4,여행업,1,2061421
522,2020,4,항공운송,1,9741564
523,2020,4,렌터카,1,4926423
524,2020,4,면세점,1,7332743
525,2020,4,관광기념품,1,3160550
526,2020,4,레저용품쇼핑,1,179348302
527,2020,4,대형쇼핑몰,1,653775461
528,2020,4,관광유원시설,1,4359212
529,2020,4,골프장,1,152807016
530,2020,4,기타레저,1,16467288
531,2020,4,문화서비스,1,8946448
532,2020,4,식음료,1,1402218580
533,2020,4,육상운송,1,33373164
534,2020,4,캠핑장/펜션,1,528637
535,2020,4,수상운송,1,3332748
536,2020,4,스키장,1,112677
537,2020,4,콘도,1,5610598
538,2020,5,호텔,1,29987599
539,2020,5,기타숙박,1,54617664
540,2020,5,여행업,1,2146473
541,2020,5,항공운송,1,14232542
542,2020,5,면세점,1,13129614
543,2020,5,관광기념품,1,4908196
544,2020,5,레저용품쇼핑,1,268120204
545,2020,5,대형쇼핑몰,1,788560846
546,2020,5,관광유원시설,1,7535545
547,2020,5,골프장,1,178854220
548,2020,5,기타레저,1,23127057
549,2020,5,문화서비스,1,14378525
550,2020,5,식음료,1,1691730013
551,2020,5,콘도,1,11410302
552,2020,5,렌터카,1,5626712
553,2020,5,육상운송,1,43971471
554,2020,5,캠핑장/펜션,1,847957
555,2020,5,수상운송,1,4994802
556,2020,5,스키장,1,259203
557,2020,6,호텔,1,32011013
558,2020,6,기타숙박,1,53255100
559,2020,6,여행업,1,2065170
560,2020,6,항공운송,1,12846934
561,2020,6,면세점,1,14841668
562,2020,6,관광기념품,1,4425697
563,2020,6,레저용품쇼핑,1,189336327
564,2020,6,대형쇼핑몰,1,692305830
565,2020,6,관광유원시설,1,5721244
566,2020,6,골프장,1,177277739
567,2020,6,기타레저,1,20317261
568,2020,6,문화서비스,1,15609507
569,2020,6,식음료,1,1559614479
570,2020,6,콘도,1,12289409
571,2020,6,렌터카,1,5993123
572,2020,6,육상운송,1,44026441
573,2020,6,캠핑장/펜션,1,810826
574,2020,6,수상운송,1,4376562
575,2020,6,스키장,1,238366
576,2020,7,호텔,1,36832633
577,2020,7,기타숙박,1,58930301
578,2020,7,여행업,1,2446501
579,2020,7,항공운송,1,16203759
580,2020,7,렌터카,1,7118575
581,2020,7,면세점,1,15708467
582,2020,7,관광기념품,1,4855464
583,2020,7,레저용품쇼핑,1,157126291
584,2020,7,대형쇼핑몰,1,682700718
585,2020,7,관광유원시설,1,6971656
586,2020,7,골프장,1,162997667
587,2020,7,기타레저,1,22265822
588,2020,7,문화서비스,1,21764972
589,2020,7,식음료,1,1678888311
590,2020,7,콘도,1,18451588
591,2020,7,육상운송,1,48819634
592,2020,7,캠핑장/펜션,1,1038946
593,2020,7,수상운송,1,4627016
594,2020,7,스키장,1,282477
595,2020,7,카지노,1,0
596,2020,8,호텔,1,44747110
597,2020,8,기타숙박,1,69688875
598,2020,8,여행업,1,2759314
599,2020,8,항공운송,1,11906313
600,2020,8,렌터카,1,8661916
601,2020,8,면세점,1,19050651
602,2020,8,관광기념품,1,5116493
603,2020,8,레저용품쇼핑,1,130192012
604,2020,8,대형쇼핑몰,1,698462620
605,2020,8,관광유원시설,1,9267177
606,2020,8,골프장,1,152358019
607,2020,8,기타레저,1,21528329
608,2020,8,문화서비스,1,27299364
609,2020,8,식음료,1,1600289736
610,2020,8,콘도,1,28616947
611,2020,8,육상운송,1,42743663
612,2020,8,캠핑장/펜션,1,1478023
613,2020,8,수상운송,1,5755828
614,2020,8,스키장,1,469785
615,2020,9,호텔,1,23201331
616,2020,9,기타숙박,1,46946106
617,2020,9,여행업,1,1972229
618,2020,9,항공운송,1,10116450
619,2020,9,렌터카,1,6137326
620,2020,9,면세점,1,13760044
621,2020,9,관광기념품,1,3771916
622,2020,9,레저용품쇼핑,1,154575168
623,2020,9,대형쇼핑몰,1,733228134
624,2020,9,관광유원시설,1,4348198
625,2020,9,골프장,1,159726934
626,2020,9,기타레저,1,13390209
627,2020,9,문화서비스,1,12823282
628,2020,9,식음료,1,1273682423
629,2020,9,육상운송,1,35157563
630,2020,9,캠핑장/펜션,1,651321
631,2020,9,수상운송,1,3546099
632,2020,9,스키장,1,168572
633,2020,9,콘도,1,10104770
634,2020,10,호텔,1,35208241
635,2020,10,기타숙박,1,58482631
636,2020,10,여행업,1,2364909
637,2020,10,항공운송,1,14743074
638,2020,10,렌터카,1,7182617
639,2020,10,면세점,1,20367151
640,2020,10,관광기념품,1,5233970
641,2020,10,레저용품쇼핑,1,225046173
642,2020,10,대형쇼핑몰,1,803480277
643,2020,10,관광유원시설,1,8918192
644,2020,10,골프장,1,192840145
645,2020,10,기타레저,1,20760099
646,2020,10,문화서비스,1,22980455
647,2020,10,식음료,1,1594946978
648,2020,10,콘도,1,15615720
649,2020,10,육상운송,1,45099422
650,2020,10,캠핑장/펜션,1,908554
651,2020,10,수상운송,1,5526465
652,2020,10,스키장,1,541755
653,2020,11,호텔,1,34759279
654,2020,11,기타숙박,1,55465684
655,2020,11,여행업,1,2116460
656,2020,11,항공운송,1,11834212
657,2020,11,렌터카,1,7546879
658,2020,11,면세점,1,22958063
659,2020,11,관광기념품,1,5601365
660,2020,11,레저용품쇼핑,1,196113806
661,2020,11,대형쇼핑몰,1,762145331
662,2020,11,관광유원시설,1,6547099
663,2020,11,골프장,1,160277358
664,2020,11,기타레저,1,17037849
665,2020,11,문화서비스,1,15855948
666,2020,11,식음료,1,1446886738
667,2020,11,콘도,1,13162453
668,2020,11,육상운송,1,42847477
669,2020,11,캠핑장/펜션,1,592659
670,2020,11,수상운송,1,4104747
671,2020,11,스키장,1,338852
672,2020,12,호텔,1,26534648
673,2020,12,기타숙박,1,44951686
674,2020,12,여행업,1,1628158
675,2020,12,항공운송,1,6559265
676,2020,12,렌터카,1,5798353
677,2020,12,면세점,1,14760808
678,2020,12,관광기념품,1,3397628
679,2020,12,레저용품쇼핑,1,142760517
680,2020,12,대형쇼핑몰,1,690936532
681,2020,12,관광유원시설,1,3158354
682,2020,12,골프장,1,83442055
683,2020,12,기타레저,1,8651949
684,2020,12,문화서비스,1,9064609
685,2020,12,식음료,1,1001106624
686,2020,12,육상운송,1,28962577
687,2020,12,캠핑장/펜션,1,441300
688,2020,12,수상운송,1,2630392
689,2020,12,스키장,1,898785
690,2020,12,콘도,1,9025468
691,2021,1,호텔,1,23720802
692,2021,1,기타숙박,1,43784253
693,2021,1,여행업,1,1533105
694,2021,1,항공운송,1,9049050
695,2021,1,렌터카,1,5197440
696,2021,1,면세점,1,11750372
697,2021,1,관광기념품,1,3021363
698,2021,1,레저용품쇼핑,1,113318567
699,2021,1,대형쇼핑몰,1,677539358
700,2021,1,관광유원시설,1,3618587
701,2021,1,골프장,1,55915060
702,2021,1,기타레저,1,10854740
703,2021,1,문화서비스,1,11177907
704,2021,1,식음료,1,1006335841
705,2021,1,콘도,1,7901479
706,2021,1,육상운송,1,33315386
707,2021,1,캠핑장/펜션,1,391943
708,2021,1,수상운송,1,2220446
709,2021,1,스키장,1,1324978
710,2021,2,호텔,1,31760099
711,2021,2,기타숙박,1,45323893
712,2021,2,여행업,1,1526986
713,2021,2,항공운송,1,11872296
714,2021,2,렌터카,1,6191426
715,2021,2,면세점,1,16137485
716,2021,2,관광기념품,1,4144027
717,2021,2,레저용품쇼핑,1,131279880
718,2021,2,대형쇼핑몰,1,710253387
719,2021,2,관광유원시설,1,6244738
720,2021,2,골프장,1,98796913
721,2021,2,기타레저,1,15356976
722,2021,2,문화서비스,1,16093465
723,2021,2,식음료,1,1143516931
724,2021,2,콘도,1,11307844
725,2021,2,육상운송,1,34992213
726,2021,2,캠핑장/펜션,1,534459
727,2021,2,수상운송,1,2821034
728,2021,2,스키장,1,1501802
729,2021,3,호텔,1,32216017
730,2021,3,기타숙박,1,51003581
731,2021,3,여행업,1,2122582
732,2021,3,항공운송,1,15486095
733,2021,3,렌터카,1,7095342
734,2021,3,면세점,1,20790795
735,2021,3,관광기념품,1,4752378
736,2021,3,레저용품쇼핑,1,177502521
737,2021,3,대형쇼핑몰,1,763299603
738,2021,3,관광유원시설,1,6380121
739,2021,3,골프장,1,160423809
740,2021,3,기타레저,1,18310230
741,2021,3,문화서비스,1,17187652
742,2021,3,식음료,1,1391607215
743,2021,3,육상운송,1,43308286
744,2021,3,캠핑장/펜션,1,442883
745,2021,3,수상운송,1,3664434
746,2021,3,스키장,1,75343
747,2021,3,콘도,1,9423843
748,2021,4,호텔,1,34071659
749,2021,4,기타숙박,1,53487168
750,2021,4,여행업,1,2140157
751,2021,4,항공운송,1,15675284
752,2021,4,면세점,1,24358704
753,2021,4,관광기념품,1,5817976
754,2021,4,레저용품쇼핑,1,185916282
755,2021,4,대형쇼핑몰,1,731429575
756,2021,4,관광유원시설,1,8361252
757,2021,4,골프장,1,186838860
758,2021,4,기타레저,1,17279238
759,2021,4,문화서비스,1,20325660
760,2021,4,식음료,1,1407571418
761,2021,4,콘도,1,12883145
762,2021,4,육상운송,1,44537162
763,2021,4,렌터카,1,8604808
764,2021,4,캠핑장/펜션,1,612292
765,2021,4,수상운송,1,4840989
766,2021,4,스키장,1,202997
767,2021,5,호텔,1,43265802
768,2021,5,기타숙박,1,58000977
769,2021,5,여행업,1,1968998
770,2021,5,항공운송,1,16090944
771,2021,5,면세점,1,22920313
772,2021,5,관광기념품,1,6575362
773,2021,5,레저용품쇼핑,1,194769326
774,2021,5,대형쇼핑몰,1,812469034
775,2021,5,관광유원시설,1,10101698
776,2021,5,골프장,1,199572977
777,2021,5,기타레저,1,20963411
778,2021,5,문화서비스,1,24971337
779,2021,5,식음료,1,1519521967
780,2021,5,콘도,1,16668702
781,2021,5,육상운송,1,47508692
782,2021,5,렌터카,1,8821371
783,2021,5,캠핑장/펜션,1,834425
784,2021,5,수상운송,1,5301673
785,2021,5,스키장,1,385743
786,2021,6,호텔,1,39419450
787,2021,6,기타숙박,1,55837521
788,2021,6,여행업,1,2011388
789,2021,6,항공운송,1,17803309
790,2021,6,면세점,1,20419975
791,2021,6,관광기념품,1,5989389
792,2021,6,레저용품쇼핑,1,170815473
793,2021,6,대형쇼핑몰,1,712284358
794,2021,6,관광유원시설,1,8636308
795,2021,6,골프장,1,205285748
796,2021,6,기타레저,1,19434195
797,2021,6,문화서비스,1,23891733
798,2021,6,식음료,1,1453368266
799,2021,6,육상운송,1,45958872
800,2021,6,렌터카,1,8498883
801,2021,6,캠핑장/펜션,1,807162
802,2021,6,수상운송,1,5203718
803,2021,6,스키장,1,380347
804,2021,6,콘도,1,16722302
805,2021,7,호텔,1,39946440
806,2021,7,기타숙박,1,60705862
807,2021,7,여행업,1,1897150
808,2021,7,항공운송,1,13948850
809,2021,7,렌터카,1,8649730
810,2021,7,면세점,1,15346065
811,2021,7,관광기념품,1,5634578
812,2021,7,레저용품쇼핑,1,151623749
813,2021,7,대형쇼핑몰,1,695806273
814,2021,7,관광유원시설,1,7362098
815,2021,7,골프장,1,189588950
816,2021,7,기타레저,1,18750914
817,2021,7,문화서비스,1,23280191
818,2021,7,식음료,1,1369856233
819,2021,7,콘도,1,22604770
820,2021,7,육상운송,1,37905458
821,2021,7,캠핑장/펜션,1,1124201
822,2021,7,수상운송,1,4903474
823,2021,7,스키장,1,424076
824,2021,8,호텔,1,41618888
825,2021,8,기타숙박,1,60075266
826,2021,8,여행업,1,1992788
827,2021,8,항공운송,1,13608667
828,2021,8,렌터카,1,8118403
829,2021,8,면세점,1,18255621
830,2021,8,관광기념품,1,5830342
831,2021,8,레저용품쇼핑,1,133790569
832,2021,8,대형쇼핑몰,1,686695185
833,2021,8,관광유원시설,1,9348826
834,2021,8,골프장,1,178782707
835,2021,8,기타레저,1,19706812
836,2021,8,문화서비스,1,26943996
837,2021,8,식음료,1,1332876963
838,2021,8,콘도,1,26401787
839,2021,8,육상운송,1,38359839
840,2021,8,캠핑장/펜션,1,1423398
841,2021,8,수상운송,1,5385469
842,2021,8,스키장,1,595150
843,2021,9,호텔,1,34443678
844,2021,9,기타숙박,1,52698929
845,2021,9,여행업,1,1884133
846,2021,9,항공운송,1,14827160
847,2021,9,렌터카,1,7494510
848,2021,9,관광기념품,1,5520219
849,2021,9,레저용품쇼핑,1,189730323
850,2021,9,대형쇼핑몰,1,766603807
851,2021,9,관광유원시설,1,8614890
852,2021,9,골프장,1,195548920
853,2021,9,기타레저,1,18758995
854,2021,9,문화서비스,1,24305747
855,2021,9,식음료,1,1346648311
856,2021,9,육상운송,1,40861518
857,2021,9,면세점,1,17956354
858,2021,9,캠핑장/펜션,1,811575
859,2021,9,수상운송,1,4992614
860,2021,9,스키장,1,401943
861,2021,9,콘도,1,15579856
862,2021,10,호텔,1,42972171
863,2021,10,기타숙박,1,63952050
864,2021,10,여행업,1,2716541
865,2021,10,항공운송,1,21102978
866,2021,10,렌터카,1,9133541
867,2021,10,면세점,1,24916622
868,2021,10,관광기념품,1,7319590
869,2021,10,레저용품쇼핑,1,222320494
870,2021,10,대형쇼핑몰,1,870441694
871,2021,10,관광유원시설,1,11553312
872,2021,10,골프장,1,219102376
873,2021,10,기타레저,1,20565781
874,2021,10,문화서비스,1,29287067
875,2021,10,식음료,1,1560440538
876,2021,10,콘도,1,19829394
877,2021,10,육상운송,1,47330679
878,2021,10,캠핑장/펜션,1,989412
879,2021,10,수상운송,1,6214596
880,2021,10,스키장,1,623037
881,2021,11,호텔,1,41473477
882,2021,11,기타숙박,1,62421208
883,2021,11,여행업,1,2432846
884,2021,11,항공운송,1,24669056
885,2021,11,렌터카,1,8622278
886,2021,11,관광기념품,1,7471748
887,2021,11,레저용품쇼핑,1,199178782
888,2021,11,대형쇼핑몰,1,798838697
889,2021,11,관광유원시설,1,9640670
890,2021,11,골프장,1,181138277
891,2021,11,기타레저,1,18345971
892,2021,11,문화서비스,1,25249678
893,2021,11,식음료,1,1595377628
894,2021,11,콘도,1,16594189
895,2021,11,육상운송,1,49401719
896,2021,11,면세점,1,26984891
897,2021,11,캠핑장/펜션,1,805301
898,2021,11,수상운송,1,4747779
899,2021,11,스키장,1,457140
900,2021,12,호텔,1,44546551
901,2021,12,기타숙박,1,59000412
902,2021,12,여행업,1,1682589
903,2021,12,항공운송,1,17059365
904,2021,12,렌터카,1,8392460
905,2021,12,관광기념품,1,6240078
906,2021,12,레저용품쇼핑,1,168797536
907,2021,12,대형쇼핑몰,1,844677261
908,2021,12,관광유원시설,1,7491793
909,2021,12,골프장,1,114033151
910,2021,12,기타레저,1,16283706
911,2021,12,문화서비스,1,20860210
912,2021,12,식음료,1,1460697419
913,2021,12,육상운송,1,46256901
914,2021,12,면세점,1,23011938
915,2021,12,캠핑장/펜션,1,624871
916,2021,12,수상운송,1,3408873
917,2021,12,스키장,1,2221310
918,2021,12,콘도,1,18556011
919,2022,1,호텔,1,48379541
920,2022,1,기타숙박,1,56692756
921,2022,1,여행업,1,2519974
922,2022,1,항공운송,1,27999957
923,2022,1,렌터카,1,8608044
924,2022,1,면세점,1,23668224
925,2022,1,관광기념품,1,6507951
926,2022,1,레저용품쇼핑,1,149282056
927,2022,1,대형쇼핑몰,1,902035170
928,2022,1,관광유원시설,1,9329036
929,2022,1,골프장,1,89819946
930,2022,1,기타레저,1,18829374
931,2022,1,문화서비스,1,22595118
932,2022,1,식음료,1,1358385466
933,2022,1,콘도,1,24359158
934,2022,1,육상운송,1,67159367
935,2022,1,캠핑장/펜션,1,649613
936,2022,1,수상운송,1,5270678
937,2022,1,스키장,1,4677948
938,2022,2,호텔,1,44216357
939,2022,2,기타숙박,1,51829302
940,2022,2,여행업,1,2307614
941,2022,2,항공운송,1,26038080
942,2022,2,관광기념품,1,5881021
943,2022,2,레저용품쇼핑,1,130093233
944,2022,2,대형쇼핑몰,1,738992411
945,2022,2,관광유원시설,1,7794961
946,2022,2,골프장,1,106309617
947,2022,2,기타레저,1,16138068
948,2022,2,문화서비스,1,18264248
949,2022,2,식음료,1,1146836542
950,2022,2,콘도,1,20793908
951,2022,2,육상운송,1,55750252
952,2022,2,렌터카,1,8550152
953,2022,2,면세점,1,20844087
954,2022,2,캠핑장/펜션,1,606230
955,2022,2,수상운송,1,4507795
956,2022,2,스키장,1,3155243
957,2022,3,호텔,1,38614931
958,2022,3,기타숙박,1,55056934
959,2022,3,여행업,1,3029751
960,2022,3,항공운송,1,36021177
961,2022,3,면세점,1,22117365
962,2022,3,관광기념품,1,5646590
963,2022,3,레저용품쇼핑,1,168619120
964,2022,3,대형쇼핑몰,1,842688018
965,2022,3,관광유원시설,1,7171589
966,2022,3,골프장,1,177595501
967,2022,3,기타레저,1,17857554
968,2022,3,문화서비스,1,17684897
969,2022,3,식음료,1,1356951643
970,2022,3,육상운송,1,59712173
971,2022,3,렌터카,1,8484428
972,2022,3,캠핑장/펜션,1,451091
973,2022,3,수상운송,1,5682679
974,2022,3,스키장,1,143079
975,2022,3,콘도,1,10769715
976,2022,4,호텔,1,48206420
977,2022,4,기타숙박,1,62708065
978,2022,4,여행업,1,3861399
979,2022,4,항공운송,1,49838243
980,2022,4,면세점,1,30219183
981,2022,4,관광기념품,1,8032619
982,2022,4,레저용품쇼핑,1,215762066
983,2022,4,대형쇼핑몰,1,904206332
984,2022,4,관광유원시설,1,13048100
985,2022,4,골프장,1,220626959
986,2022,4,기타레저,1,22419125
987,2022,4,문화서비스,1,28747674
988,2022,4,식음료,1,1706741944
989,2022,4,콘도,1,16825833
990,2022,4,육상운송,1,75026201
991,2022,4,렌터카,1,9564765
992,2022,4,캠핑장/펜션,1,818708
993,2022,4,수상운송,1,8597014
994,2022,4,스키장,1,374099
995,2022,5,호텔,1,57323544
996,2022,5,기타숙박,1,65994284
997,2022,5,여행업,1,4780068
998,2022,5,항공운송,1,52702268
999,2022,5,면세점,1,32285848
1000,2022,5,관광기념품,1,9151894
1001,2022,5,레저용품쇼핑,1,223047233
1002,2022,5,대형쇼핑몰,1,946686781
1003,2022,5,관광유원시설,1,16163018
1004,2022,5,골프장,1,245296731
1005,2022,5,기타레저,1,26844811
1006,2022,5,문화서비스,1,55152074
1007,2022,5,식음료,1,1950113773
1008,2022,5,콘도,1,22993442
1009,2022,5,육상운송,1,90400179
1010,2022,5,렌터카,1,10181065
1011,2022,5,캠핑장/펜션,1,1065750
1012,2022,5,수상운송,1,11296389
1013,2022,5,스키장,1,592086
1014,2022,6,호텔,1,54918224
1015,2022,6,기타숙박,1,66645943
1016,2022,6,여행업,1,4577475
1017,2022,6,항공운송,1,54056444
1018,2022,6,면세점,1,33382538
1019,2022,6,관광기념품,1,8541093
1020,2022,6,레저용품쇼핑,1,184980797
1021,2022,6,대형쇼핑몰,1,924629545
1022,2022,6,관광유원시설,1,13400233
1023,2022,6,골프장,1,230785078
1024,2022,6,기타레저,1,26136960
1025,2022,6,문화서비스,1,55927556
1026,2022,6,식음료,1,1834420441
1027,2022,6,콘도,1,25298222
1028,2022,6,육상운송,1,83998696
1029,2022,6,렌터카,1,10011136
1030,2022,6,캠핑장/펜션,1,1105526
1031,2022,6,수상운송,1,11756336
1032,2022,6,스키장,1,655450
1033,2022,7,호텔,1,63573996
1034,2022,7,기타숙박,1,74888946
1035,2022,7,여행업,1,4945429
1036,2022,7,항공운송,1,48771365
1037,2022,7,면세점,1,30667348
1038,2022,7,관광기념품,1,7852031
1039,2022,7,레저용품쇼핑,1,170548815
1040,2022,7,대형쇼핑몰,1,906800156
1041,2022,7,관광유원시설,1,14254203
1042,2022,7,골프장,1,216345299
1043,2022,7,기타레저,1,28723378
1044,2022,7,문화서비스,1,58689748
1045,2022,7,식음료,1,1921805969
1046,2022,7,콘도,1,36676989
1047,2022,7,육상운송,1,90895254
1048,2022,7,렌터카,1,10014432
1049,2022,7,캠핑장/펜션,1,1509518
1050,2022,7,수상운송,1,11040303
1051,2022,7,스키장,1,974658
1052,2022,8,호텔,1,66545393
1053,2022,8,기타숙박,1,79625220
1054,2022,8,여행업,1,5000922
1055,2022,8,항공운송,1,48456504
1056,2022,8,면세점,1,32416240
1057,2022,8,관광기념품,1,8559864
1058,2022,8,레저용품쇼핑,1,145542298
1059,2022,8,대형쇼핑몰,1,870409615
1060,2022,8,관광유원시설,1,17362685
1061,2022,8,골프장,1,197548785
1062,2022,8,기타레저,1,29611383
1063,2022,8,문화서비스,1,57634264
1064,2022,8,식음료,1,1905827735
1065,2022,8,콘도,1,43843758
1066,2022,8,육상운송,1,97231125
1067,2022,8,렌터카,1,10347251
1068,2022,8,캠핑장/펜션,1,1831638
1069,2022,8,수상운송,1,11095705
1070,2022,8,스키장,1,1118993
1071,2022,9,호텔,1,48918875
1072,2022,9,기타숙박,1,61926953
1073,2022,9,여행업,1,4822403
1074,2022,9,항공운송,1,47997785
1075,2022,9,면세점,1,25551582
1076,2022,9,관광기념품,1,7080697
1077,2022,9,레저용품쇼핑,1,176179356
1078,2022,9,대형쇼핑몰,1,904393147
1079,2022,9,관광유원시설,1,13603201
1080,2022,9,골프장,1,215157057
1081,2022,9,기타레저,1,24084104
1082,2022,9,문화서비스,1,42347698
1083,2022,9,식음료,1,1752003502
1084,2022,9,육상운송,1,90847392
1085,2022,9,렌터카,1,9325602
1086,2022,9,캠핑장/펜션,1,945049
1087,2022,9,수상운송,1,8852457
1088,2022,9,스키장,1,587091
1089,2022,9,콘도,1,19557255
1090,2022,10,호텔,1,56455456
1091,2022,10,기타숙박,1,73833493
1092,2022,10,여행업,1,5636768
1093,2022,10,항공운송,1,49005845
1094,2022,10,면세점,1,29191900
1095,2022,10,관광기념품,1,9748212
1096,2022,10,레저용품쇼핑,1,233108573
1097,2022,10,대형쇼핑몰,1,984054572
1098,2022,10,관광유원시설,1,17171705
1099,2022,10,골프장,1,235476287
1100,2022,10,기타레저,1,26648234
1101,2022,10,문화서비스,1,39319997
1102,2022,10,식음료,1,1960790354
1103,2022,10,콘도,1,22372482
1104,2022,10,육상운송,1,93578707
1105,2022,10,렌터카,1,9611894
1106,2022,10,캠핑장/펜션,1,1179791
1107,2022,10,수상운송,1,10614343
1108,2022,10,스키장,1,930579
1109,2022,10,카지노,1,5000
1110,2022,11,호텔,1,47333561
1111,2022,11,기타숙박,1,63303071
1112,2022,11,여행업,1,4876761
1113,2022,11,항공운송,1,51152608
1114,2022,11,면세점,1,31896530
1115,2022,11,관광기념품,1,8032817
1116,2022,11,레저용품쇼핑,1,190091195
1117,2022,11,대형쇼핑몰,1,880716101
1118,2022,11,관광유원시설,1,10777530
1119,2022,11,골프장,1,196937810
1120,2022,11,기타레저,1,21643669
1121,2022,11,문화서비스,1,29458414
1122,2022,11,식음료,1,1726970318
1123,2022,11,콘도,1,16468412
1124,2022,11,육상운송,1,93682273
1125,2022,11,렌터카,1,9042045
1126,2022,11,캠핑장/펜션,1,745792
1127,2022,11,수상운송,1,7173947
1128,2022,11,스키장,1,679269
1129,2022,11,카지노,1,0
1130,2022,12,호텔,1,59240620
1131,2022,12,기타숙박,1,63753984
1132,2022,12,여행업,1,6131464
1133,2022,12,항공운송,1,51786487
1134,2022,12,면세점,1,34365338
1135,2022,12,관광기념품,1,6437420
1136,2022,12,레저용품쇼핑,1,181868947
1137,2022,12,대형쇼핑몰,1,981044143
1138,2022,12,관광유원시설,1,10090666
1139,2022,12,골프장,1,88314400
1140,2022,12,기타레저,1,22507255
1141,2022,12,문화서비스,1,48530333
1142,2022,12,식음료,1,1830711394
1143,2022,12,육상운송,1,107738858
1144,2022,12,렌터카,1,8743715
1145,2022,12,캠핑장/펜션,1,622257
1146,2022,12,수상운송,1,5205108
1147,2022,12,스키장,1,2968333
1148,2022,12,콘도,1,21796066
1149,2023,1,호텔,1,53884035
1150,2023,1,기타숙박,1,56546812
1151,2023,1,여행업,1,7353554
1152,2023,1,항공운송,1,58112683
1153,2023,1,면세점,1,39418075
1154,2023,1,관광기념품,1,6211254
1155,2023,1,레저용품쇼핑,1,138344860
1156,2023,1,대형쇼핑몰,1,860707230
1157,2023,1,관광유원시설,1,10081267
1158,2023,1,골프장,1,69357161
1159,2023,1,기타레저,1,25601791
1160,2023,1,문화서비스,1,40578346
1161,2023,1,식음료,1,1682950348
1162,2023,1,콘도,1,26444081
1163,2023,1,육상운송,1,98743904
1164,2023,1,렌터카,1,8579192
1165,2023,1,캠핑장/펜션,1,597763
1166,2023,1,수상운송,1,5476424
1167,2023,1,스키장,1,4652459
1168,2023,2,호텔,1,48987666
1169,2023,2,기타숙박,1,56335650
1170,2023,2,여행업,1,7508403
1171,2023,2,항공운송,1,58320819
1172,2023,2,면세점,1,38602810
1173,2023,2,관광기념품,1,6888963
1174,2023,2,레저용품쇼핑,1,145560524
1175,2023,2,대형쇼핑몰,1,770920376
1176,2023,2,관광유원시설,1,11396440
1177,2023,2,골프장,1,106469272
1178,2023,2,기타레저,1,24640835
1179,2023,2,문화서비스,1,30157628
1180,2023,2,식음료,1,1680492088
1181,2023,2,콘도,1,22834043
1182,2023,2,육상운송,1,85110338
1183,2023,2,렌터카,1,8469747
1184,2023,2,캠핑장/펜션,1,697410
1185,2023,2,수상운송,1,5532690
1186,2023,2,스키장,1,3348094
1187,2023,3,호텔,1,38649038
1188,2023,3,기타숙박,1,58734534
1189,2023,3,여행업,1,8101340
1190,2023,3,항공운송,1,58538751
1191,2023,3,면세점,1,39732839
1192,2023,3,관광기념품,1,7660803
1193,2023,3,레저용품쇼핑,1,192035522
1194,2023,3,대형쇼핑몰,1,862155281
1195,2023,3,관광유원시설,1,10605790
1196,2023,3,골프장,1,186770331
1197,2023,3,기타레저,1,23932656
1198,2023,3,문화서비스,1,29669545
1199,2023,3,식음료,1,1840274668
1200,2023,3,육상운송,1,91997348
1201,2023,3,렌터카,1,8517736
1202,2023,3,캠핑장/펜션,1,629244
1203,2023,3,수상운송,1,7742493
1204,2023,3,스키장,1,236968
1205,2023,3,콘도,1,12057870
1206,2023,4,호텔,1,44017040
1207,2023,4,기타숙박,1,62659033
1208,2023,4,여행업,1,7954168
1209,2023,4,항공운송,1,57181591
1210,2023,4,면세점,1,42491314
1211,2023,4,관광기념품,1,8796326
1212,2023,4,레저용품쇼핑,1,193506747
1213,2023,4,대형쇼핑몰,1,893343851
1214,2023,4,관광유원시설,1,12683046
1215,2023,4,골프장,1,209699688
1216,2023,4,기타레저,1,23381910
1217,2023,4,문화서비스,1,34914012
1218,2023,4,식음료,1,1894397093
1219,2023,4,콘도,1,16362307
1220,2023,4,육상운송,1,98264520
1221,2023,4,렌터카,1,8588396
1222,2023,4,캠핑장/펜션,1,939787
1223,2023,4,수상운송,1,9778786
1224,2023,4,스키장,1,572181
1225,2023,5,호텔,1,49243941
1226,2023,5,기타숙박,1,64015259
1227,2023,5,여행업,1,8907075
1228,2023,5,항공운송,1,97970071
1229,2023,5,면세점,1,43938163
1230,2023,5,관광기념품,1,8614282
1231,2023,5,레저용품쇼핑,1,193841214
1232,2023,5,대형쇼핑몰,1,934911385
1233,2023,5,관광유원시설,1,12828891
1234,2023,5,골프장,1,222798619
1235,2023,5,기타레저,1,25323397
1236,2023,5,문화서비스,1,43211631
1237,2023,5,식음료,1,1957826975
1238,2023,5,콘도,1,19261381
1239,2023,5,육상운송,1,102120445
1240,2023,5,렌터카,1,8117789
1241,2023,5,캠핑장/펜션,1,1024255
1242,2023,5,수상운송,1,9415817
1243,2023,5,스키장,1,548466
1244,2023,6,호텔,1,44839784
1245,2023,6,기타숙박,1,59457213
1246,2023,6,여행업,1,9916463
1247,2023,6,항공운송,1,92150076
1248,2023,6,면세점,1,44648401
1249,2023,6,관광기념품,1,7806607
1250,2023,6,레저용품쇼핑,1,168002739
1251,2023,6,대형쇼핑몰,1,836314810
1252,2023,6,관광유원시설,1,12849592
1253,2023,6,골프장,1,222356950
1254,2023,6,기타레저,1,24517002
1255,2023,6,문화서비스,1,47854103
1256,2023,6,식음료,1,1867079974
1257,2023,6,콘도,1,21018333
1258,2023,6,육상운송,1,91842642
1259,2023,6,렌터카,1,8375714
1260,2023,6,캠핑장/펜션,1,1122284
1261,2023,6,수상운송,1,8550201
1262,2023,6,스키장,1,646136
1263,2023,7,호텔,1,50631861
1264,2023,7,기타숙박,1,64859312
1265,2023,7,여행업,1,12554931
1266,2023,7,항공운송,1,83503449
1267,2023,7,면세점,1,48901838
1268,2023,7,관광기념품,1,6807504
1269,2023,7,레저용품쇼핑,1,151276719
1270,2023,7,대형쇼핑몰,1,869605745
1271,2023,7,관광유원시설,1,13221222
1272,2023,7,골프장,1,181156799
1273,2023,7,기타레저,1,27064558
1274,2023,7,문화서비스,1,47721879
1275,2023,7,식음료,1,1882665924
1276,2023,7,콘도,1,30036890
1277,2023,7,육상운송,1,101903334
1278,2023,7,렌터카,1,8313938
1279,2023,7,캠핑장/펜션,1,1368982
1280,2023,7,수상운송,1,6816616
1281,2023,7,스키장,1,836190
1282,2023,8,호텔,1,56551578
1283,2023,8,기타숙박,1,69379559
1284,2023,8,여행업,1,10290515
1285,2023,8,항공운송,1,75712899
1286,2023,8,렌터카,1,8556104
1287,2023,8,면세점,1,46575465
1288,2023,8,관광기념품,1,7781057
1289,2023,8,레저용품쇼핑,1,130155643
1290,2023,8,대형쇼핑몰,1,799686368
1291,2023,8,관광유원시설,1,16313649
1292,2023,8,골프장,1,174820239
1293,2023,8,기타레저,1,28612702
1294,2023,8,문화서비스,1,53237763
1295,2023,8,식음료,1,1883249333
1296,2023,8,콘도,1,37886596
1297,2023,8,육상운송,1,97686770
1298,2023,8,캠핑장/펜션,1,1753130
1299,2023,8,수상운송,1,7385155
1300,2023,8,스키장,1,1120096
1301,2023,9,호텔,1,45153764
1302,2023,9,기타숙박,1,59662917
1303,2023,9,여행업,1,11334293
1304,2023,9,항공운송,1,67390419
1305,2023,9,렌터카,1,7954063
1306,2023,9,면세점,1,45827160
1307,2023,9,관광기념품,1,6885002
1308,2023,9,레저용품쇼핑,1,153038010
1309,2023,9,대형쇼핑몰,1,873496472
1310,2023,9,관광유원시설,1,13050646
1311,2023,9,골프장,1,198940294
1312,2023,9,기타레저,1,22988746
1313,2023,9,문화서비스,1,33566784
1314,2023,9,식음료,1,1782936182
1315,2023,9,콘도,1,16955086
1316,2023,9,육상운송,1,108473648
1317,2023,9,캠핑장/펜션,1,965746
1318,2023,9,수상운송,1,6963707
1319,2023,9,스키장,1,566568
1320,2023,10,호텔,1,45968019
1321,2023,10,기타숙박,1,64780120
1322,2023,10,여행업,1,11653344
1323,2023,10,항공운송,1,73076204
1324,2023,10,렌터카,1,8116887
1325,2023,10,면세점,1,45602772
1326,2023,10,관광기념품,1,8679335
1327,2023,10,레저용품쇼핑,1,207515766
1328,2023,10,대형쇼핑몰,1,920498277
1329,2023,10,관광유원시설,1,15097723
1330,2023,10,골프장,1,229550092
1331,2023,10,기타레저,1,24898837
1332,2023,10,문화서비스,1,37856227
1333,2023,10,식음료,1,1848650697
1334,2023,10,콘도,1,18847286
1335,2023,10,육상운송,1,101906697
1336,2023,10,캠핑장/펜션,1,1060297
1337,2023,10,수상운송,1,8122053
1338,2023,10,스키장,1,949598
1339,2023,10,카지노,1,0
1340,2023,11,호텔,1,41540780
1341,2023,11,기타숙박,1,59298338
1342,2023,11,여행업,1,13058833
1343,2023,11,항공운송,1,56967213
1344,2023,11,렌터카,1,7358502
1345,2023,11,면세점,1,43767858
1346,2023,11,관광기념품,1,6932272
1347,2023,11,레저용품쇼핑,1,183320032
1348,2023,11,대형쇼핑몰,1,913242778
1349,2023,11,관광유원시설,1,8098311
1350,2023,11,골프장,1,176701228
1351,2023,11,기타레저,1,20416106
1352,2023,11,문화서비스,1,27432569
1353,2023,11,식음료,1,1675570636
1354,2023,11,육상운송,1,99724832
1355,2023,11,캠핑장/펜션,1,786456
1356,2023,11,수상운송,1,4873938
1357,2023,11,스키장,1,308204
1358,2023,11,콘도,1,13599964
1359,2023,12,호텔,1,58868240
1360,2023,12,기타숙박,1,63496412
1361,2023,12,여행업,1,13968898
1362,2023,12,항공운송,1,59018949
1363,2023,12,렌터카,1,7579664
1364,2023,12,면세점,1,46898052
1365,2023,12,관광기념품,1,6393978
1366,2023,12,레저용품쇼핑,1,158809326
1367,2023,12,대형쇼핑몰,1,973135731
1368,2023,12,관광유원시설,1,8431700
1369,2023,12,골프장,1,90302069
1370,2023,12,기타레저,1,24261770
1371,2023,12,문화서비스,1,46132078
1372,2023,12,식음료,1,1877884512
1373,2023,12,육상운송,1,102008011
1374,2023,12,캠핑장/펜션,1,771757
1375,2023,12,콘도,1,21645094
1376,2023,12,수상운송,1,3904597
1377,2023,12,스키장,1,2144521
1378,2018,1,호텔,0,85966929
1379,2018,1,콘도,0,3026844
1380,2018,1,기타숙박,0,24311930
1381,2018,1,여행업,0,544382
1382,2018,1,항공운송,0,1677389
1383,2018,1,면세점,0,56909699
1384,2018,1,관광기념품,0,5685614
1385,2018,1,레저용품쇼핑,0,5236247
1386,2018,1,대형쇼핑몰,0,112604547
1387,2018,1,관광유원시설,0,190866
1388,2018,1,골프장,0,245908
1389,2018,1,문화서비스,0,598473
1390,2018,1,식음료,0,38235003
1391,2018,1,렌터카,0,518592
1392,2018,1,카지노,0,21606319
1393,2018,1,기타레저,0,18906
1394,2018,1,육상운송,0,1426741
1395,2018,1,수상운송,0,12002
1396,2018,1,캠핑장/펜션,0,22489
1397,2018,1,스키장,0,31434
1398,2018,2,호텔,0,87091340
1399,2018,2,콘도,0,2618019
1400,2018,2,캠핑장/펜션,0,213172
1401,2018,2,기타숙박,0,24869335
1402,2018,2,여행업,0,765717
1403,2018,2,육상운송,0,2337365
1404,2018,2,수상운송,0,23595
1405,2018,2,항공운송,0,1738398
1406,2018,2,렌터카,0,742063
1407,2018,2,면세점,0,51552914
1408,2018,2,관광기념품,0,7908913
1409,2018,2,레저용품쇼핑,0,6155642
1410,2018,2,대형쇼핑몰,0,117941071
1411,2018,2,카지노,0,17771453
1412,2018,2,관광유원시설,0,267962
1413,2018,2,골프장,0,350114
1414,2018,2,스키장,0,52140
1415,2018,2,기타레저,0,33512
1416,2018,2,문화서비스,0,766213
1417,2018,2,식음료,0,44327827
1418,2018,3,호텔,0,111731976
1419,2018,3,콘도,0,8145557
1420,2018,3,캠핑장/펜션,0,35174
1421,2018,3,기타숙박,0,30186606
1422,2018,3,여행업,0,800358
1423,2018,3,육상운송,0,1855134
1424,2018,3,수상운송,0,22742
1425,2018,3,항공운송,0,1987144
1426,2018,3,렌터카,0,713700
1427,2018,3,면세점,0,66124249
1428,2018,3,관광기념품,0,6215087
1429,2018,3,레저용품쇼핑,0,6620753
1430,2018,3,대형쇼핑몰,0,105536432
1431,2018,3,카지노,0,23789825
1432,2018,3,관광유원시설,0,265547
1433,2018,3,골프장,0,1520575
1434,2018,3,스키장,0,2940
1435,2018,3,기타레저,0,23634
1436,2018,3,문화서비스,0,723313
1437,2018,3,식음료,0,48742034
1438,2018,4,호텔,0,119323392
1439,2018,4,콘도,0,7820536
1440,2018,4,캠핑장/펜션,0,38283
1441,2018,4,기타숙박,0,32470232
1442,2018,4,여행업,0,820608
1443,2018,4,육상운송,0,1887433
1444,2018,4,수상운송,0,44792
1445,2018,4,항공운송,0,1666122
1446,2018,4,렌터카,0,830373
1447,2018,4,면세점,0,65714490
1448,2018,4,관광기념품,0,8661751
1449,2018,4,레저용품쇼핑,0,6860546
1450,2018,4,대형쇼핑몰,0,111068372
1451,2018,4,카지노,0,24452429
1452,2018,4,관광유원시설,0,406016
1453,2018,4,골프장,0,1211868
1454,2018,4,스키장,0,40
1455,2018,4,기타레저,0,17704
1456,2018,4,문화서비스,0,811324
1457,2018,4,식음료,0,50359759
1458,2018,5,호텔,0,113840435
1459,2018,5,콘도,0,7254474
1460,2018,5,캠핑장/펜션,0,40715
1461,2018,5,기타숙박,0,33124710
1462,2018,5,여행업,0,835121
1463,2018,5,육상운송,0,2003055
1464,2018,5,수상운송,0,59089
1465,2018,5,항공운송,0,1822100
1466,2018,5,렌터카,0,813213
1467,2018,5,면세점,0,72121138
1468,2018,5,관광기념품,0,6395210
1469,2018,5,레저용품쇼핑,0,7462117
1470,2018,5,대형쇼핑몰,0,122965616
1471,2018,5,카지노,0,31771994
1472,2018,5,관광유원시설,0,361148
1473,2018,5,골프장,0,1538417
1474,2018,5,스키장,0,40
1475,2018,5,기타레저,0,17986
1476,2018,5,문화서비스,0,1195309
1477,2018,5,식음료,0,54067960
1478,2018,6,호텔,0,110457500
1479,2018,6,콘도,0,7887333
1480,2018,6,캠핑장/펜션,0,49241
1481,2018,6,기타숙박,0,32026810
1482,2018,6,여행업,0,863711
1483,2018,6,육상운송,0,1803692
1484,2018,6,수상운송,0,59400
1485,2018,6,항공운송,0,1738046
1486,2018,6,렌터카,0,847249
1487,2018,6,면세점,0,65766316
1488,2018,6,관광기념품,0,6813422
1489,2018,6,레저용품쇼핑,0,6783834
1490,2018,6,대형쇼핑몰,0,93030126
1491,2018,6,카지노,0,30034546
1492,2018,6,관광유원시설,0,400154
1493,2018,6,골프장,0,1473636
1494,2018,6,스키장,0,0
1495,2018,6,기타레저,0,24722
1496,2018,6,문화서비스,0,1026992
1497,2018,6,식음료,0,53150570
1498,2018,7,호텔,0,109372570
1499,2018,7,콘도,0,6765187
1500,2018,7,캠핑장/펜션,0,75880
1501,2018,7,기타숙박,0,34062071
1502,2018,7,여행업,0,892413
1503,2018,7,육상운송,0,1848526
1504,2018,7,수상운송,0,86185
1505,2018,7,항공운송,0,1584869
1506,2018,7,렌터카,0,823127
1507,2018,7,면세점,0,59623390
1508,2018,7,관광기념품,0,6379537
1509,2018,7,레저용품쇼핑,0,5651868
1510,2018,7,대형쇼핑몰,0,91337245
1511,2018,7,카지노,0,30968115
1512,2018,7,관광유원시설,0,577571
1513,2018,7,골프장,0,1004162
1514,2018,7,스키장,0,0
1515,2018,7,기타레저,0,34198
1516,2018,7,문화서비스,0,1260394
1517,2018,7,식음료,0,52122177
1518,2018,8,호텔,0,107783353
1519,2018,8,콘도,0,11966111
1520,2018,8,캠핑장/펜션,0,69229
1521,2018,8,기타숙박,0,36818239
1522,2018,8,여행업,0,1008153
1523,2018,8,육상운송,0,1856828
1524,2018,8,수상운송,0,74576
1525,2018,8,항공운송,0,1672320
1526,2018,8,렌터카,0,646032
1527,2018,8,면세점,0,60077997
1528,2018,8,관광기념품,0,6545884
1529,2018,8,레저용품쇼핑,0,5697989
1530,2018,8,대형쇼핑몰,0,101542843
1531,2018,8,카지노,0,34503555
1532,2018,8,관광유원시설,0,534154
1533,2018,8,골프장,0,865995
1534,2018,8,스키장,0,420
1535,2018,8,기타레저,0,26260
1536,2018,8,문화서비스,0,1085387
1537,2018,8,식음료,0,53046153
1538,2018,9,호텔,0,107716707
1539,2018,9,콘도,0,9314354
1540,2018,9,캠핑장/펜션,0,58382
1541,2018,9,기타숙박,0,34703759
1542,2018,9,여행업,0,727054
1543,2018,9,육상운송,0,1795798
1544,2018,9,수상운송,0,74307
1545,2018,9,항공운송,0,2018460
1546,2018,9,렌터카,0,695664
1547,2018,9,면세점,0,63015915
1548,2018,9,관광기념품,0,6413040
1549,2018,9,레저용품쇼핑,0,6807887
1550,2018,9,대형쇼핑몰,0,117261886
1551,2018,9,카지노,0,31639684
1552,2018,9,관광유원시설,0,401103
1553,2018,9,골프장,0,1191556
1554,2018,9,스키장,0,0
1555,2018,9,기타레저,0,18302
1556,2018,9,문화서비스,0,749065
1557,2018,9,식음료,0,58049498
1558,2018,10,호텔,0,131785403
1559,2018,10,콘도,0,5216052
1560,2018,10,캠핑장/펜션,0,67863
1561,2018,10,기타숙박,0,41556566
1562,2018,10,여행업,0,1547500
1563,2018,10,육상운송,0,2254798
1564,2018,10,수상운송,0,71728
1565,2018,10,항공운송,0,1847688
1566,2018,10,렌터카,0,924483
1567,2018,10,면세점,0,65826659
1568,2018,10,관광기념품,0,10376039
1569,2018,10,레저용품쇼핑,0,7791218
1570,2018,10,대형쇼핑몰,0,125849966
1571,2018,10,카지노,0,28528245
1572,2018,10,관광유원시설,0,436958
1573,2018,10,골프장,0,1477451
1574,2018,10,스키장,0,0
1575,2018,10,기타레저,0,24293
1576,2018,10,문화서비스,0,925783
1577,2018,10,식음료,0,64074903
1578,2018,11,호텔,0,123269807
1579,2018,11,콘도,0,7644064
1580,2018,11,캠핑장/펜션,0,24588
1581,2018,11,기타숙박,0,35258733
1582,2018,11,여행업,0,1053747
1583,2018,11,육상운송,0,1703643
1584,2018,11,수상운송,0,39695
1585,2018,11,항공운송,0,1765548
1586,2018,11,렌터카,0,645094
1587,2018,11,면세점,0,77221161
1588,2018,11,관광기념품,0,10487543
1589,2018,11,레저용품쇼핑,0,7473348
1590,2018,11,대형쇼핑몰,0,104178669
1591,2018,11,카지노,0,30974148
1592,2018,11,관광유원시설,0,248523
1593,2018,11,골프장,0,738399
1594,2018,11,스키장,0,0
1595,2018,11,기타레저,0,17220
1596,2018,11,문화서비스,0,628764
1597,2018,11,식음료,0,56329150
1598,2018,12,호텔,0,112028132
1599,2018,12,콘도,0,10737341
1600,2018,12,캠핑장/펜션,0,23553
1601,2018,12,기타숙박,0,35197358
1602,2018,12,여행업,0,705085
1603,2018,12,육상운송,0,1507938
1604,2018,12,수상운송,0,22938
1605,2018,12,항공운송,0,1801803
1606,2018,12,렌터카,0,739251
1607,2018,12,면세점,0,79053756
1608,2018,12,관광기념품,0,9829443
1609,2018,12,레저용품쇼핑,0,8167390
1610,2018,12,대형쇼핑몰,0,135046351
1611,2018,12,카지노,0,32456349
1612,2018,12,관광유원시설,0,385249
1613,2018,12,골프장,0,314468
1614,2018,12,스키장,0,22986
1615,2018,12,기타레저,0,18890
1616,2018,12,문화서비스,0,748103
1617,2018,12,식음료,0,57404433
1618,2019,1,호텔,0,88639573
1619,2019,1,콘도,0,1888031
1620,2019,1,캠핑장/펜션,0,18149
1621,2019,1,기타숙박,0,26153552
1622,2019,1,여행업,0,691868
1623,2019,1,육상운송,0,1202131
1624,2019,1,수상운송,0,18413
1625,2019,1,항공운송,0,1521092
1626,2019,1,렌터카,0,500667
1627,2019,1,면세점,0,58313766
1628,2019,1,관광기념품,0,8034797
1629,2019,1,레저용품쇼핑,0,5289030
1630,2019,1,대형쇼핑몰,0,81295390
1631,2019,1,카지노,0,34982045
1632,2019,1,관광유원시설,0,217096
1633,2019,1,골프장,0,231933
1634,2019,1,스키장,0,32000
1635,2019,1,기타레저,0,15940
1636,2019,1,문화서비스,0,479509
1637,2019,1,식음료,0,42598947
1638,2019,2,호텔,0,86161627
1639,2019,2,콘도,0,4380226
1640,2019,2,캠핑장/펜션,0,22356
1641,2019,2,기타숙박,0,25470302
1642,2019,2,여행업,0,556700
1643,2019,2,육상운송,0,1095086
1644,2019,2,수상운송,0,29774
1645,2019,2,항공운송,0,1001737
1646,2019,2,렌터카,0,481877
1647,2019,2,면세점,0,56449199
1648,2019,2,관광기념품,0,9935004
1649,2019,2,레저용품쇼핑,0,4972454
1650,2019,2,대형쇼핑몰,0,76298380
1651,2019,2,카지노,0,29194905
1652,2019,2,관광유원시설,0,304712
1653,2019,2,골프장,0,251511
1654,2019,2,스키장,0,31236
1655,2019,2,기타레저,0,16671
1656,2019,2,문화서비스,0,487299
1657,2019,2,식음료,0,40371143
1658,2019,3,호텔,0,108856628
1659,2019,3,콘도,0,2967077
1660,2019,3,캠핑장/펜션,0,12613
1661,2019,3,기타숙박,0,33306753
1662,2019,3,여행업,0,764319
1663,2019,3,육상운송,0,1596655
1664,2019,3,수상운송,0,25509
1665,2019,3,항공운송,0,1288882
1666,2019,3,렌터카,0,671374
1667,2019,3,면세점,0,65290838
1668,2019,3,관광기념품,0,10561005
1669,2019,3,레저용품쇼핑,0,5792446
1670,2019,3,대형쇼핑몰,0,93017580
1671,2019,3,카지노,0,33828305
1672,2019,3,관광유원시설,0,312620
1673,2019,3,골프장,0,643267
1674,2019,3,스키장,0,2662
1675,2019,3,기타레저,0,14810
1676,2019,3,문화서비스,0,799461
1677,2019,3,식음료,0,52812728
1678,2019,4,호텔,0,128287827
1679,2019,4,콘도,0,3540436
1680,2019,4,캠핑장/펜션,0,48598
1681,2019,4,기타숙박,0,38861433
1682,2019,4,여행업,0,1226703
1683,2019,4,육상운송,0,2052137
1684,2019,4,수상운송,0,55928
1685,2019,4,항공운송,0,1451625
1686,2019,4,렌터카,0,924060
1687,2019,4,면세점,0,78893914
1688,2019,4,관광기념품,0,12261756
1689,2019,4,레저용품쇼핑,0,7009589
1690,2019,4,대형쇼핑몰,0,106494822
1691,2019,4,카지노,0,31107076
1692,2019,4,관광유원시설,0,507725
1693,2019,4,골프장,0,1055934
1694,2019,4,스키장,0,25
1695,2019,4,기타레저,0,11492
1696,2019,4,문화서비스,0,1232599
1697,2019,4,식음료,0,60376473
1698,2019,5,호텔,0,125492362
1699,2019,5,콘도,0,2637544
1700,2019,5,캠핑장/펜션,0,47603
1701,2019,5,기타숙박,0,37645963
1702,2019,5,여행업,0,853356
1703,2019,5,육상운송,0,2010764
1704,2019,5,수상운송,0,80527
1705,2019,5,항공운송,0,1716899
1706,2019,5,렌터카,0,917220
1707,2019,5,면세점,0,92564102
1708,2019,5,관광기념품,0,10043367
1709,2019,5,레저용품쇼핑,0,6806187
1710,2019,5,대형쇼핑몰,0,116236549
1711,2019,5,카지노,0,33324767
1712,2019,5,관광유원시설,0,574681
1713,2019,5,골프장,0,1298863
1714,2019,5,스키장,0,25
1715,2019,5,기타레저,0,22790
1716,2019,5,문화서비스,0,836124
1717,2019,5,식음료,0,63486599
1718,2019,6,호텔,0,125374923
1719,2019,6,콘도,0,3927282
1720,2019,6,캠핑장/펜션,0,64714
1721,2019,6,기타숙박,0,37492211
1722,2019,6,여행업,0,844924
1723,2019,6,육상운송,0,1919690
1724,2019,6,수상운송,0,89547
1725,2019,6,항공운송,0,1646127
1726,2019,6,렌터카,0,943139
1727,2019,6,면세점,0,86474863
1728,2019,6,관광기념품,0,9956675
1729,2019,6,레저용품쇼핑,0,5883649
1730,2019,6,대형쇼핑몰,0,96717443
1731,2019,6,카지노,0,34050526
1732,2019,6,관광유원시설,0,572528
1733,2019,6,골프장,0,1320213
1734,2019,6,스키장,0,0
1735,2019,6,기타레저,0,22334
1736,2019,6,문화서비스,0,1040782
1737,2019,6,식음료,0,63249570
1738,2019,7,호텔,0,119944385
1739,2019,7,콘도,0,6645084
1740,2019,7,캠핑장/펜션,0,55378
1741,2019,7,기타숙박,0,39455755
1742,2019,7,여행업,0,877072
1743,2019,7,육상운송,0,2250136
1744,2019,7,수상운송,0,78786
1745,2019,7,항공운송,0,1610013
1746,2019,7,렌터카,0,1011355
1747,2019,7,면세점,0,72997232
1748,2019,7,관광기념품,0,9533473
1749,2019,7,레저용품쇼핑,0,6292030
1750,2019,7,대형쇼핑몰,0,89637862
1751,2019,7,카지노,0,34546471
1752,2019,7,관광유원시설,0,799453
1753,2019,7,골프장,0,918807
1754,2019,7,스키장,0,100
1755,2019,7,기타레저,0,23710
1756,2019,7,문화서비스,0,1298078
1757,2019,7,식음료,0,62234610
1758,2019,8,호텔,0,129679333
1759,2019,8,콘도,0,7767608
1760,2019,8,캠핑장/펜션,0,49956
1761,2019,8,기타숙박,0,43706795
1762,2019,8,여행업,0,816081
1763,2019,8,육상운송,0,2176285
1764,2019,8,수상운송,0,110964
1765,2019,8,항공운송,0,1727609
1766,2019,8,렌터카,0,922253
1767,2019,8,면세점,0,80156742
1768,2019,8,관광기념품,0,10079971
1769,2019,8,레저용품쇼핑,0,6168587
1770,2019,8,대형쇼핑몰,0,108099692
1771,2019,8,카지노,0,35768820
1772,2019,8,관광유원시설,0,652992
1773,2019,8,골프장,0,994309
1774,2019,8,스키장,0,0
1775,2019,8,기타레저,0,36098
1776,2019,8,문화서비스,0,1094768
1777,2019,8,식음료,0,61666813
1778,2019,9,호텔,0,129628658
1779,2019,9,콘도,0,4818259
1780,2019,9,캠핑장/펜션,0,39652
1781,2019,9,기타숙박,0,37572166
1782,2019,9,여행업,0,782695
1783,2019,9,육상운송,0,1945355
1784,2019,9,수상운송,0,53137
1785,2019,9,항공운송,0,1665874
1786,2019,9,렌터카,0,847171
1787,2019,9,면세점,0,74622614
1788,2019,9,관광기념품,0,9623404
1789,2019,9,레저용품쇼핑,0,6025690
1790,2019,9,대형쇼핑몰,0,93597813
1791,2019,9,카지노,0,35877936
1792,2019,9,관광유원시설,0,365194
1793,2019,9,골프장,0,908674
1794,2019,9,스키장,0,0
1795,2019,9,기타레저,0,27844
1796,2019,9,문화서비스,0,927411
1797,2019,9,식음료,0,60023328
1798,2019,10,호텔,0,145442132
1799,2019,10,콘도,0,5584434
1800,2019,10,캠핑장/펜션,0,51852
1801,2019,10,기타숙박,0,46052932
1802,2019,10,여행업,0,711838
1803,2019,10,육상운송,0,2524548
1804,2019,10,수상운송,0,92515
1805,2019,10,항공운송,0,1816096
1806,2019,10,렌터카,0,1005581
1807,2019,10,면세점,0,93336686
1808,2019,10,관광기념품,0,12622003
1809,2019,10,레저용품쇼핑,0,7415517
1810,2019,10,대형쇼핑몰,0,121928092
1811,2019,10,카지노,0,30939497
1812,2019,10,관광유원시설,0,555365
1813,2019,10,골프장,0,1444748
1814,2019,10,스키장,0,0
1815,2019,10,기타레저,0,21834
1816,2019,10,문화서비스,0,1463278
1817,2019,10,식음료,0,74748439
1818,2019,11,호텔,0,128239109
1819,2019,11,콘도,0,5784596
1820,2019,11,캠핑장/펜션,0,18716
1821,2019,11,기타숙박,0,39723394
1822,2019,11,여행업,0,646333
1823,2019,11,육상운송,0,1819613
1824,2019,11,수상운송,0,45701
1825,2019,11,항공운송,0,1540322
1826,2019,11,렌터카,0,821087
1827,2019,11,면세점,0,85093208
1828,2019,11,관광기념품,0,10810783
1829,2019,11,레저용품쇼핑,0,6683970
1830,2019,11,대형쇼핑몰,0,106902693
1831,2019,11,카지노,0,34109919
1832,2019,11,관광유원시설,0,344591
1833,2019,11,골프장,0,865755
1834,2019,11,스키장,0,70
1835,2019,11,기타레저,0,22738
1836,2019,11,문화서비스,0,918788
1837,2019,11,식음료,0,64954430
1838,2019,12,호텔,0,123959572
1839,2019,12,콘도,0,5365150
1840,2019,12,캠핑장/펜션,0,26035
1841,2019,12,기타숙박,0,39815586
1842,2019,12,여행업,0,856769
1843,2019,12,육상운송,0,1732592
1844,2019,12,수상운송,0,41026
1845,2019,12,항공운송,0,1497848
1846,2019,12,렌터카,0,908053
1847,2019,12,면세점,0,87119117
1848,2019,12,관광기념품,0,10262404
1849,2019,12,레저용품쇼핑,0,7791085
1850,2019,12,대형쇼핑몰,0,121293287
1851,2019,12,카지노,0,39098818
1852,2019,12,관광유원시설,0,356797
1853,2019,12,골프장,0,482827
1854,2019,12,스키장,0,27065
1855,2019,12,기타레저,0,28518
1856,2019,12,문화서비스,0,845954
1857,2019,12,식음료,0,64761053
1858,2020,1,호텔,0,99620441
1859,2020,1,콘도,0,4986918
1860,2020,1,캠핑장/펜션,0,15262
1861,2020,1,기타숙박,0,31337112
1862,2020,1,여행업,0,584180
1863,2020,1,육상운송,0,1420662
1864,2020,1,수상운송,0,32037
1865,2020,1,항공운송,0,1508901
1866,2020,1,렌터카,0,759638
1867,2020,1,면세점,0,66070381
1868,2020,1,관광기념품,0,9849999
1869,2020,1,레저용품쇼핑,0,6122576
1870,2020,1,대형쇼핑몰,0,103287172
1871,2020,1,카지노,0,39237496
1872,2020,1,관광유원시설,0,306993
1873,2020,1,골프장,0,441116
1874,2020,1,스키장,0,36587
1875,2020,1,기타레저,0,86027
1876,2020,1,문화서비스,0,721437
1877,2020,1,식음료,0,54799095
1878,2020,2,호텔,0,57129269
1879,2020,2,콘도,0,1431520
1880,2020,2,캠핑장/펜션,0,7492
1881,2020,2,기타숙박,0,18925805
1882,2020,2,여행업,0,317692
1883,2020,2,육상운송,0,792083
1884,2020,2,수상운송,0,19399
1885,2020,2,항공운송,0,1215445
1886,2020,2,렌터카,0,573681
1887,2020,2,면세점,0,33949939
1888,2020,2,관광기념품,0,5367416
1889,2020,2,레저용품쇼핑,0,3290630
1890,2020,2,대형쇼핑몰,0,41592549
1891,2020,2,카지노,0,29412408
1892,2020,2,관광유원시설,0,141062
1893,2020,2,골프장,0,356526
1894,2020,2,스키장,0,13679
1895,2020,2,기타레저,0,20049
1896,2020,2,문화서비스,0,530892
1897,2020,2,식음료,0,32546911
1898,2020,3,호텔,0,10894287
1899,2020,3,콘도,0,666316
1900,2020,3,캠핑장/펜션,0,5356
1901,2020,3,기타숙박,0,5912290
1902,2020,3,여행업,0,117479
1903,2020,3,육상운송,0,105548
1904,2020,3,수상운송,0,6594
1905,2020,3,항공운송,0,327902
1906,2020,3,렌터카,0,132853
1907,2020,3,면세점,0,5380683
1908,2020,3,관광기념품,0,90584
1909,2020,3,레저용품쇼핑,0,806782
1910,2020,3,대형쇼핑몰,0,11718889
1911,2020,3,카지노,0,4466830
1912,2020,3,관광유원시설,0,25329
1913,2020,3,골프장,0,479097
1914,2020,3,스키장,0,224
1915,2020,3,기타레저,0,672
1916,2020,3,문화서비스,0,58961
1917,2020,3,식음료,0,10425676
1918,2020,4,호텔,0,6859131
1919,2020,4,콘도,0,625516
1920,2020,4,캠핑장/펜션,0,15213
1921,2020,4,기타숙박,0,3700676
1922,2020,4,여행업,0,1232637
1923,2020,4,육상운송,0,113747
1924,2020,4,수상운송,0,3983
1925,2020,4,항공운송,0,103689
1926,2020,4,렌터카,0,101587
1927,2020,4,면세점,0,2009456
1928,2020,4,관광기념품,0,57804
1929,2020,4,레저용품쇼핑,0,937517
1930,2020,4,대형쇼핑몰,0,14417406
1931,2020,4,카지노,0,84850
1932,2020,4,관광유원시설,0,54999
1933,2020,4,골프장,0,733468
1934,2020,4,스키장,0,0
1935,2020,4,기타레저,0,910
1936,2020,4,문화서비스,0,44754
1937,2020,4,식음료,0,10041322
1938,2020,5,호텔,0,10391743
1939,2020,5,콘도,0,1350734
1940,2020,5,캠핑장/펜션,0,18761
1941,2020,5,기타숙박,0,5457951
1942,2020,5,여행업,0,750112
1943,2020,5,육상운송,0,229639
1944,2020,5,수상운송,0,9517
1945,2020,5,항공운송,0,240938
1946,2020,5,렌터카,0,135755
1947,2020,5,면세점,0,3696746
1948,2020,5,관광기념품,0,128914
1949,2020,5,레저용품쇼핑,0,1257004
1950,2020,5,대형쇼핑몰,0,17757133
1951,2020,5,카지노,0,1839245
1952,2020,5,관광유원시설,0,74034
1953,2020,5,골프장,0,887739
1954,2020,5,스키장,0,0
1955,2020,5,기타레저,0,2941
1956,2020,5,문화서비스,0,75041
1957,2020,5,식음료,0,14136143
1958,2020,6,호텔,0,11296430
1959,2020,6,콘도,0,1538182
1960,2020,6,캠핑장/펜션,0,26953
1961,2020,6,기타숙박,0,6098835
1962,2020,6,여행업,0,1071839
1963,2020,6,육상운송,0,284867
1964,2020,6,수상운송,0,11099
1965,2020,6,항공운송,0,339470
1966,2020,6,렌터카,0,200253
1967,2020,6,면세점,0,4116513
1968,2020,6,관광기념품,0,184771
1969,2020,6,레저용품쇼핑,0,1145544
1970,2020,6,대형쇼핑몰,0,18309698
1971,2020,6,카지노,0,2570587
1972,2020,6,관광유원시설,0,68885
1973,2020,6,골프장,0,938307
1974,2020,6,스키장,0,446
1975,2020,6,기타레저,0,13075
1976,2020,6,문화서비스,0,100455
1977,2020,6,식음료,0,16281855
1978,2020,7,호텔,0,17169793
1979,2020,7,콘도,0,2593710
1980,2020,7,캠핑장/펜션,0,15495
1981,2020,7,기타숙박,0,9490825
1982,2020,7,여행업,0,1157527
1983,2020,7,육상운송,0,361019
1984,2020,7,수상운송,0,24962
1985,2020,7,항공운송,0,405483
1986,2020,7,렌터카,0,327020
1987,2020,7,면세점,0,3964069
1988,2020,7,관광기념품,0,236583
1989,2020,7,레저용품쇼핑,0,1342344
1990,2020,7,대형쇼핑몰,0,19179197
1991,2020,7,카지노,0,1609550
1992,2020,7,관광유원시설,0,117995
1993,2020,7,골프장,0,933617
1994,2020,7,스키장,0,135
1995,2020,7,기타레저,0,32401
1996,2020,7,문화서비스,0,137052
1997,2020,7,식음료,0,19268267
1998,2020,8,호텔,0,24461615
1999,2020,8,콘도,0,3137589
2000,2020,8,캠핑장/펜션,0,9731
2001,2020,8,기타숙박,0,13348010
2002,2020,8,여행업,0,885252
2003,2020,8,육상운송,0,223563
2004,2020,8,수상운송,0,15769
2005,2020,8,항공운송,0,327036
2006,2020,8,렌터카,0,253423
2007,2020,8,면세점,0,3320368
2008,2020,8,관광기념품,0,166221
2009,2020,8,레저용품쇼핑,0,1114287
2010,2020,8,대형쇼핑몰,0,19461464
2011,2020,8,카지노,0,1775080
2012,2020,8,관광유원시설,0,65021
2013,2020,8,골프장,0,980973
2014,2020,8,스키장,0,0
2015,2020,8,기타레저,0,53589
2016,2020,8,문화서비스,0,97689
2017,2020,8,식음료,0,16513833
2018,2020,9,호텔,0,15777405
2019,2020,9,콘도,0,1938357
2020,2020,9,캠핑장/펜션,0,9224
2021,2020,9,기타숙박,0,9150610
2022,2020,9,여행업,0,514456
2023,2020,9,육상운송,0,171809
2024,2020,9,수상운송,0,6872
2025,2020,9,항공운송,0,341583
2026,2020,9,렌터카,0,216213
2027,2020,9,면세점,0,1880656
2028,2020,9,관광기념품,0,187425
2029,2020,9,레저용품쇼핑,0,1070620
2030,2020,9,대형쇼핑몰,0,19019608
2031,2020,9,카지노,0,1444800
2032,2020,9,관광유원시설,0,49611
2033,2020,9,골프장,0,1072792
2034,2020,9,스키장,0,375
2035,2020,9,기타레저,0,33495
2036,2020,9,문화서비스,0,71903
2037,2020,9,식음료,0,14219790
2038,2020,10,호텔,0,19721228
2039,2020,10,콘도,0,2534457
2040,2020,10,캠핑장/펜션,0,10165
2041,2020,10,기타숙박,0,10609754
2042,2020,10,여행업,0,598505
2043,2020,10,육상운송,0,277681
2044,2020,10,수상운송,0,14873
2045,2020,10,항공운송,0,240489
2046,2020,10,렌터카,0,224386
2047,2020,10,면세점,0,2223382
2048,2020,10,관광기념품,0,178814
2049,2020,10,레저용품쇼핑,0,1460993
2050,2020,10,대형쇼핑몰,0,22497074
2051,2020,10,카지노,0,1786600
2052,2020,10,관광유원시설,0,96700
2053,2020,10,골프장,0,1235578
2054,2020,10,스키장,0,593
2055,2020,10,기타레저,0,23790
2056,2020,10,문화서비스,0,136250
2057,2020,10,식음료,0,19781451
2058,2020,11,호텔,0,20176447
2059,2020,11,콘도,0,2626649
2060,2020,11,캠핑장/펜션,0,4941
2061,2020,11,기타숙박,0,10583658
2062,2020,11,여행업,0,55591
2063,2020,11,육상운송,0,291406
2064,2020,11,수상운송,0,13265
2065,2020,11,항공운송,0,246127
2066,2020,11,렌터카,0,257732
2067,2020,11,면세점,0,1507316
2068,2020,11,관광기념품,0,176726
2069,2020,11,레저용품쇼핑,0,1375935
2070,2020,11,대형쇼핑몰,0,20874131
2071,2020,11,카지노,0,968160
2072,2020,11,관광유원시설,0,78379
2073,2020,11,골프장,0,893962
2074,2020,11,스키장,0,516
2075,2020,11,기타레저,0,4122
2076,2020,11,문화서비스,0,117167
2077,2020,11,식음료,0,17964041
2078,2020,12,호텔,0,17507750
2079,2020,12,콘도,0,2075446
2080,2020,12,캠핑장/펜션,0,5848
2081,2020,12,기타숙박,0,9712788
2082,2020,12,여행업,0,70050
2083,2020,12,육상운송,0,139382
2084,2020,12,수상운송,0,7327
2085,2020,12,항공운송,0,282982
2086,2020,12,렌터카,0,252133
2087,2020,12,면세점,0,1755646
2088,2020,12,관광기념품,0,168140
2089,2020,12,레저용품쇼핑,0,911469
2090,2020,12,대형쇼핑몰,0,23274281
2091,2020,12,카지노,0,95400
2092,2020,12,관광유원시설,0,31100
2093,2020,12,골프장,0,431817
2094,2020,12,스키장,0,2493
2095,2020,12,기타레저,0,21495
2096,2020,12,문화서비스,0,53876
2097,2020,12,식음료,0,12635659
2098,2021,1,호텔,0,14380521
2099,2021,1,콘도,0,1568096
2100,2021,1,캠핑장/펜션,0,13559
2101,2021,1,기타숙박,0,7706551
2102,2021,1,여행업,0,46430
2103,2021,1,육상운송,0,110398
2104,2021,1,수상운송,0,3175
2105,2021,1,항공운송,0,166796
2106,2021,1,렌터카,0,139723
2107,2021,1,면세점,0,1643537
2108,2021,1,관광기념품,0,151408
2109,2021,1,레저용품쇼핑,0,705524
2110,2021,1,대형쇼핑몰,0,18451580
2111,2021,1,카지노,0,425250
2112,2021,1,관광유원시설,0,26074
2113,2021,1,골프장,0,238797
2114,2021,1,스키장,0,1791
2115,2021,1,기타레저,0,5290
2116,2021,1,문화서비스,0,47166
2117,2021,1,식음료,0,9905542
2118,2021,2,호텔,0,15498117
2119,2021,2,콘도,0,2664600
2120,2021,2,캠핑장/펜션,0,11250
2121,2021,2,기타숙박,0,8637026
2122,2021,2,여행업,0,77965
2123,2021,2,육상운송,0,172834
2124,2021,2,수상운송,0,9646
2125,2021,2,항공운송,0,134994
2126,2021,2,렌터카,0,204016
2127,2021,2,면세점,0,696829
2128,2021,2,관광기념품,0,135642
2129,2021,2,레저용품쇼핑,0,729976
2130,2021,2,대형쇼핑몰,0,14223894
2131,2021,2,카지노,0,440520
2132,2021,2,관광유원시설,0,47730
2133,2021,2,골프장,0,379001
2134,2021,2,스키장,0,10632
2135,2021,2,기타레저,0,20969
2136,2021,2,문화서비스,0,74847
2137,2021,2,식음료,0,10892954
2138,2021,3,호텔,0,17720560
2139,2021,3,콘도,0,2502463
2140,2021,3,캠핑장/펜션,0,15550
2141,2021,3,기타숙박,0,10556260
2142,2021,3,여행업,0,83755
2143,2021,3,육상운송,0,247953
2144,2021,3,수상운송,0,12813
2145,2021,3,항공운송,0,149416
2146,2021,3,렌터카,0,300307
2147,2021,3,면세점,0,801715
2148,2021,3,관광기념품,0,177521
2149,2021,3,레저용품쇼핑,0,1039755
2150,2021,3,대형쇼핑몰,0,16731097
2151,2021,3,카지노,0,1049260
2152,2021,3,관광유원시설,0,98786
2153,2021,3,골프장,0,689462
2154,2021,3,스키장,0,0
2155,2021,3,기타레저,0,18280
2156,2021,3,문화서비스,0,155852
2157,2021,3,식음료,0,15118870
2158,2021,4,호텔,0,20107178
2159,2021,4,콘도,0,3340092
2160,2021,4,캠핑장/펜션,0,10817
2161,2021,4,기타숙박,0,11550507
2162,2021,4,여행업,0,125098
2163,2021,4,육상운송,0,312734
2164,2021,4,수상운송,0,20183
2165,2021,4,항공운송,0,130142
2166,2021,4,렌터카,0,287137
2167,2021,4,면세점,0,1204186
2168,2021,4,관광기념품,0,231142
2169,2021,4,레저용품쇼핑,0,1382106
2170,2021,4,대형쇼핑몰,0,20372432
2171,2021,4,카지노,0,1122930
2172,2021,4,관광유원시설,0,122010
2173,2021,4,골프장,0,1128979
2174,2021,4,스키장,0,0
2175,2021,4,기타레저,0,14292
2176,2021,4,문화서비스,0,173183
2177,2021,4,식음료,0,17750645
2178,2021,5,호텔,0,23780859
2179,2021,5,콘도,0,3769017
2180,2021,5,캠핑장/펜션,0,15561
2181,2021,5,기타숙박,0,13658524
2182,2021,5,여행업,0,121353
2183,2021,5,육상운송,0,458386
2184,2021,5,수상운송,0,22900
2185,2021,5,항공운송,0,176236
2186,2021,5,렌터카,0,333602
2187,2021,5,면세점,0,1410161
2188,2021,5,관광기념품,0,255536
2189,2021,5,레저용품쇼핑,0,1383112
2190,2021,5,대형쇼핑몰,0,22624021
2191,2021,5,카지노,0,2315650
2192,2021,5,관광유원시설,0,147451
2193,2021,5,골프장,0,1429045
2194,2021,5,스키장,0,132
2195,2021,5,기타레저,0,17329
2196,2021,5,문화서비스,0,205422
2197,2021,5,식음료,0,20318891
2198,2021,6,호텔,0,23074637
2199,2021,6,콘도,0,2463125
2200,2021,6,캠핑장/펜션,0,21117
2201,2021,6,기타숙박,0,13500098
2202,2021,6,여행업,0,131849
2203,2021,6,육상운송,0,313369
2204,2021,6,수상운송,0,26171
2205,2021,6,항공운송,0,258475
2206,2021,6,렌터카,0,370518
2207,2021,6,면세점,0,1728520
2208,2021,6,관광기념품,0,272774
2209,2021,6,레저용품쇼핑,0,1422949
2210,2021,6,대형쇼핑몰,0,24691207
2211,2021,6,카지노,0,1591960
2212,2021,6,관광유원시설,0,100846
2213,2021,6,골프장,0,1273985
2214,2021,6,스키장,0,240
2215,2021,6,기타레저,0,19201
2216,2021,6,문화서비스,0,247179
2217,2021,6,식음료,0,19279764
2218,2021,7,호텔,0,24953077
2219,2021,7,콘도,0,2866793
2220,2021,7,캠핑장/펜션,0,17393
2221,2021,7,기타숙박,0,14851814
2222,2021,7,여행업,0,92662
2223,2021,7,육상운송,0,303560
2224,2021,7,수상운송,0,16856
2225,2021,7,항공운송,0,336257
2226,2021,7,렌터카,0,462445
2227,2021,7,면세점,0,2364598
2228,2021,7,관광기념품,0,262865
2229,2021,7,레저용품쇼핑,0,1447550
2230,2021,7,대형쇼핑몰,0,24987162
2231,2021,7,카지노,0,1685070
2232,2021,7,관광유원시설,0,116446
2233,2021,7,골프장,0,1369539
2234,2021,7,스키장,0,498
2235,2021,7,기타레저,0,38029
2236,2021,7,문화서비스,0,228884
2237,2021,7,식음료,0,18620758
2238,2021,8,호텔,0,26607235
2239,2021,8,콘도,0,2955795
2240,2021,8,캠핑장/펜션,0,16627
2241,2021,8,기타숙박,0,16811437
2242,2021,8,여행업,0,135672
2243,2021,8,육상운송,0,317247
2244,2021,8,수상운송,0,19708
2245,2021,8,항공운송,0,320816
2246,2021,8,렌터카,0,335277
2247,2021,8,면세점,0,3437185
2248,2021,8,관광기념품,0,226917
2249,2021,8,레저용품쇼핑,0,1157039
2250,2021,8,대형쇼핑몰,0,24397645
2251,2021,8,카지노,0,2025902
2252,2021,8,관광유원시설,0,79500
2253,2021,8,골프장,0,1250451
2254,2021,8,스키장,0,461
2255,2021,8,기타레저,0,56365
2256,2021,8,문화서비스,0,181290
2257,2021,8,식음료,0,17729384
2258,2021,9,호텔,0,23162147
2259,2021,9,콘도,0,2059204
2260,2021,9,캠핑장/펜션,0,19518
2261,2021,9,기타숙박,0,13005264
2262,2021,9,여행업,0,120259
2263,2021,9,육상운송,0,299815
2264,2021,9,수상운송,0,26326
2265,2021,9,항공운송,0,254442
2266,2021,9,렌터카,0,378415
2267,2021,9,면세점,0,2129733
2268,2021,9,관광기념품,0,248189
2269,2021,9,레저용품쇼핑,0,1590620
2270,2021,9,대형쇼핑몰,0,25430073
2271,2021,9,카지노,0,1001180
2272,2021,9,관광유원시설,0,103075
2273,2021,9,골프장,0,1368319
2274,2021,9,스키장,0,505
2275,2021,9,기타레저,0,33819
2276,2021,9,문화서비스,0,201939
2277,2021,9,식음료,0,19457585
2278,2021,10,호텔,0,29638551
2279,2021,10,콘도,0,2581129
2280,2021,10,캠핑장/펜션,0,13495
2281,2021,10,기타숙박,0,15527412
2282,2021,10,여행업,0,127180
2283,2021,10,육상운송,0,329863
2284,2021,10,수상운송,0,30585
2285,2021,10,항공운송,0,269032
2286,2021,10,렌터카,0,453322
2287,2021,10,면세점,0,2984977
2288,2021,10,관광기념품,0,250112
2289,2021,10,레저용품쇼핑,0,1940421
2290,2021,10,대형쇼핑몰,0,33026592
2291,2021,10,카지노,0,2837053
2292,2021,10,관광유원시설,0,97983
2293,2021,10,골프장,0,1573483
2294,2021,10,스키장,0,165
2295,2021,10,기타레저,0,28328
2296,2021,10,문화서비스,0,305996
2297,2021,10,식음료,0,24214065
2298,2021,11,호텔,0,30492098
2299,2021,11,콘도,0,1955691
2300,2021,11,캠핑장/펜션,0,9741
2301,2021,11,기타숙박,0,15299279
2302,2021,11,여행업,0,160943
2303,2021,11,육상운송,0,371189
2304,2021,11,수상운송,0,12966
2305,2021,11,항공운송,0,284406
2306,2021,11,렌터카,0,495715
2307,2021,11,면세점,0,3353835
2308,2021,11,관광기념품,0,355281
2309,2021,11,레저용품쇼핑,0,1757689
2310,2021,11,대형쇼핑몰,0,33726762
2311,2021,11,카지노,0,1977480
2312,2021,11,관광유원시설,0,102480
2313,2021,11,골프장,0,1114106
2314,2021,11,스키장,0,225
2315,2021,11,기타레저,0,25057
2316,2021,11,문화서비스,0,219594
2317,2021,11,식음료,0,27153879
2318,2021,12,호텔,0,29873659
2319,2021,12,콘도,0,2163807
2320,2021,12,캠핑장/펜션,0,9746
2321,2021,12,기타숙박,0,14264014
2322,2021,12,여행업,0,139202
2323,2021,12,육상운송,0,305025
2324,2021,12,수상운송,0,12175
2325,2021,12,항공운송,0,413009
2326,2021,12,렌터카,0,409143
2327,2021,12,면세점,0,4003464
2328,2021,12,관광기념품,0,321953
2329,2021,12,레저용품쇼핑,0,1658761
2330,2021,12,대형쇼핑몰,0,33467736
2331,2021,12,카지노,0,3806251
2332,2021,12,관광유원시설,0,65985
2333,2021,12,골프장,0,692024
2334,2021,12,스키장,0,10887
2335,2021,12,기타레저,0,20109
2336,2021,12,문화서비스,0,242481
2337,2021,12,식음료,0,22360363
2338,2022,1,호텔,0,24948310
2339,2022,1,콘도,0,3477473
2340,2022,1,캠핑장/펜션,0,12364
2341,2022,1,기타숙박,0,12380258
2342,2022,1,여행업,0,76738
2343,2022,1,육상운송,0,170461
2344,2022,1,수상운송,0,3261
2345,2022,1,항공운송,0,253734
2346,2022,1,렌터카,0,266645
2347,2022,1,면세점,0,2773539
2348,2022,1,관광기념품,0,164681
2349,2022,1,레저용품쇼핑,0,1118127
2350,2022,1,대형쇼핑몰,0,24155637
2351,2022,1,카지노,0,2685450
2352,2022,1,관광유원시설,0,51312
2353,2022,1,골프장,0,370916
2354,2022,1,스키장,0,12948
2355,2022,1,기타레저,0,30047
2356,2022,1,문화서비스,0,109498
2357,2022,1,식음료,0,13607274
2358,2022,2,호텔,0,22086312
2359,2022,2,콘도,0,2067955
2360,2022,2,캠핑장/펜션,0,9355
2361,2022,2,기타숙박,0,12136249
2362,2022,2,여행업,0,122275
2363,2022,2,육상운송,0,238856
2364,2022,2,수상운송,0,8825
2365,2022,2,항공운송,0,204888
2366,2022,2,렌터카,0,272925
2367,2022,2,면세점,0,2011614
2368,2022,2,관광기념품,0,197678
2369,2022,2,레저용품쇼핑,0,970254
2370,2022,2,대형쇼핑몰,0,22315031
2371,2022,2,카지노,0,3437557
2372,2022,2,관광유원시설,0,51266
2373,2022,2,골프장,0,588422
2374,2022,2,스키장,0,19134
2375,2022,2,기타레저,0,29361
2376,2022,2,문화서비스,0,121648
2377,2022,2,식음료,0,14785667
2378,2022,3,호텔,0,24980688
2379,2022,3,콘도,0,1555112
2380,2022,3,캠핑장/펜션,0,14098
2381,2022,3,기타숙박,0,12336589
2382,2022,3,여행업,0,169621
2383,2022,3,육상운송,0,309675
2384,2022,3,수상운송,0,12599
2385,2022,3,항공운송,0,285945
2386,2022,3,렌터카,0,381607
2387,2022,3,면세점,0,2458166
2388,2022,3,관광기념품,0,258460
2389,2022,3,레저용품쇼핑,0,1407895
2390,2022,3,대형쇼핑몰,0,26458839
2391,2022,3,카지노,0,2701050
2392,2022,3,관광유원시설,0,83393
2393,2022,3,골프장,0,1196705
2394,2022,3,스키장,0,260
2395,2022,3,기타레저,0,10776
2396,2022,3,문화서비스,0,201177
2397,2022,3,식음료,0,21496960
2398,2022,4,호텔,0,38454559
2399,2022,4,콘도,0,1903143
2400,2022,4,캠핑장/펜션,0,17673
2401,2022,4,기타숙박,0,16009278
2402,2022,4,여행업,0,164857
2403,2022,4,육상운송,0,559926
2404,2022,4,수상운송,0,21772
2405,2022,4,항공운송,0,378627
2406,2022,4,렌터카,0,690479
2407,2022,4,면세점,0,4287568
2408,2022,4,관광기념품,0,433196
2409,2022,4,레저용품쇼핑,0,2383108
2410,2022,4,대형쇼핑몰,0,34832503
2411,2022,4,카지노,0,2917581
2412,2022,4,관광유원시설,0,168155
2413,2022,4,골프장,0,1780420
2414,2022,4,스키장,0,60
2415,2022,4,기타레저,0,19936
2416,2022,4,문화서비스,0,346912
2417,2022,4,식음료,0,32650121
2418,2022,5,호텔,0,55358967
2419,2022,5,콘도,0,2718562
2420,2022,5,캠핑장/펜션,0,19548
2421,2022,5,기타숙박,0,20840383
2422,2022,5,여행업,0,302307
2423,2022,5,육상운송,0,843050
2424,2022,5,수상운송,0,50376
2425,2022,5,항공운송,0,617017
2426,2022,5,렌터카,0,1103273
2427,2022,5,면세점,0,6351781
2428,2022,5,관광기념품,0,586153
2429,2022,5,레저용품쇼핑,0,2679024
2430,2022,5,대형쇼핑몰,0,47887459
2431,2022,5,카지노,0,3233470
2432,2022,5,관광유원시설,0,295100
2433,2022,5,골프장,0,2143026
2434,2022,5,스키장,0,165
2435,2022,5,기타레저,0,24955
2436,2022,5,문화서비스,0,510407
2437,2022,5,식음료,0,42600377
2438,2022,6,호텔,0,61580078
2439,2022,6,콘도,0,3309890
2440,2022,6,캠핑장/펜션,0,19078
2441,2022,6,기타숙박,0,22852655
2442,2022,6,여행업,0,369472
2443,2022,6,육상운송,0,861432
2444,2022,6,수상운송,0,54408
2445,2022,6,항공운송,0,654155
2446,2022,6,렌터카,0,1251656
2447,2022,6,면세점,0,7369041
2448,2022,6,관광기념품,0,913867
2449,2022,6,레저용품쇼핑,0,2981335
2450,2022,6,대형쇼핑몰,0,52097121
2451,2022,6,카지노,0,5464287
2452,2022,6,관광유원시설,0,399778
2453,2022,6,골프장,0,1671445
2454,2022,6,스키장,0,120
2455,2022,6,기타레저,0,31547
2456,2022,6,문화서비스,0,679026
2457,2022,6,식음료,0,45375890
2458,2022,7,호텔,0,74812633
2459,2022,7,콘도,0,3807261
2460,2022,7,캠핑장/펜션,0,18498
2461,2022,7,기타숙박,0,29605201
2462,2022,7,여행업,0,428544
2463,2022,7,육상운송,0,1052454
2464,2022,7,수상운송,0,43735
2465,2022,7,항공운송,0,778282
2466,2022,7,렌터카,0,1205750
2467,2022,7,면세점,0,9879993
2468,2022,7,관광기념품,0,879249
2469,2022,7,레저용품쇼핑,0,3532715
2470,2022,7,대형쇼핑몰,0,69746099
2471,2022,7,카지노,0,12886480
2472,2022,7,관광유원시설,0,540429
2473,2022,7,골프장,0,1819545
2474,2022,7,스키장,0,165
2475,2022,7,기타레저,0,36731
2476,2022,7,문화서비스,0,839797
2477,2022,7,식음료,0,51121709
2478,2022,8,호텔,0,83642772
2479,2022,8,콘도,0,4778159
2480,2022,8,캠핑장/펜션,0,21823
2481,2022,8,기타숙박,0,35769621
2482,2022,8,여행업,0,474874
2483,2022,8,육상운송,0,1093251
2484,2022,8,수상운송,0,56676
2485,2022,8,항공운송,0,793119
2486,2022,8,렌터카,0,1210665
2487,2022,8,면세점,0,10719335
2488,2022,8,관광기념품,0,1001733
2489,2022,8,레저용품쇼핑,0,3443343
2490,2022,8,대형쇼핑몰,0,65286037
2491,2022,8,카지노,0,14674270
2492,2022,8,관광유원시설,0,454584
2493,2022,8,골프장,0,1462606
2494,2022,8,스키장,0,270
2495,2022,8,기타레저,0,47613
2496,2022,8,문화서비스,0,605849
2497,2022,8,식음료,0,49362074
2498,2022,9,호텔,0,87642988
2499,2022,9,콘도,0,2520886
2500,2022,9,캠핑장/펜션,0,19010
2501,2022,9,기타숙박,0,32530507
2502,2022,9,여행업,0,651451
2503,2022,9,육상운송,0,1295359
2504,2022,9,수상운송,0,58544
2505,2022,9,항공운송,0,853141
2506,2022,9,렌터카,0,1483509
2507,2022,9,면세점,0,12937868
2508,2022,9,관광기념품,0,1274785
2509,2022,9,레저용품쇼핑,0,4588686
2510,2022,9,대형쇼핑몰,0,80919350
2511,2022,9,카지노,0,19809912
2512,2022,9,관광유원시설,0,517609
2513,2022,9,골프장,0,1754255
2514,2022,9,스키장,0,90
2515,2022,9,기타레저,0,17264
2516,2022,9,문화서비스,0,756911
2517,2022,9,식음료,0,60842245
2518,2022,10,호텔,0,121608079
2519,2022,10,콘도,0,3235938
2520,2022,10,캠핑장/펜션,0,35749
2521,2022,10,기타숙박,0,43751685
2522,2022,10,여행업,0,779646
2523,2022,10,육상운송,0,1798185
2524,2022,10,수상운송,0,94274
2525,2022,10,항공운송,0,1051801
2526,2022,10,렌터카,0,2055409
2527,2022,10,면세점,0,18234555
2528,2022,10,관광기념품,0,2590934
2529,2022,10,레저용품쇼핑,0,7047104
2530,2022,10,대형쇼핑몰,0,120205874
2531,2022,10,카지노,0,23881040
2532,2022,10,관광유원시설,0,727506
2533,2022,10,골프장,0,2311954
2534,2022,10,스키장,0,135
2535,2022,10,기타레저,0,28260
2536,2022,10,문화서비스,0,876774
2537,2022,10,식음료,0,77562138
2538,2022,11,호텔,0,108147442
2539,2022,11,콘도,0,2165409
2540,2022,11,캠핑장/펜션,0,28765
2541,2022,11,기타숙박,0,39188968
2542,2022,11,여행업,0,598623
2543,2022,11,육상운송,0,1409176
2544,2022,11,수상운송,0,64640
2545,2022,11,항공운송,0,1059180
2546,2022,11,렌터카,0,1507466
2547,2022,11,면세점,0,18203126
2548,2022,11,관광기념품,0,3079085
2549,2022,11,레저용품쇼핑,0,6489419
2550,2022,11,대형쇼핑몰,0,101371710
2551,2022,11,카지노,0,22660306
2552,2022,11,관광유원시설,0,525321
2553,2022,11,골프장,0,1437892
2554,2022,11,스키장,0,0
2555,2022,11,기타레저,0,24001
2556,2022,11,문화서비스,0,858581
2557,2022,11,식음료,0,68824152
2558,2022,12,호텔,0,112465217
2559,2022,12,콘도,0,2778369
2560,2022,12,캠핑장/펜션,0,29095
2561,2022,12,기타숙박,0,42702803
2562,2022,12,여행업,0,589509
2563,2022,12,육상운송,0,1367786
2564,2022,12,수상운송,0,48516
2565,2022,12,항공운송,0,1122953
2566,2022,12,렌터카,0,1707510
2567,2022,12,면세점,0,20986958
2568,2022,12,관광기념품,0,5038089
2569,2022,12,레저용품쇼핑,0,7581248
2570,2022,12,대형쇼핑몰,0,110107755
2571,2022,12,카지노,0,33900304
2572,2022,12,관광유원시설,0,532415
2573,2022,12,골프장,0,1083869
2574,2022,12,스키장,0,0
2575,2022,12,기타레저,0,28883
2576,2022,12,문화서비스,0,846926
2577,2022,12,식음료,0,69799125
2578,2023,1,호텔,0,79071041
2579,2023,1,콘도,0,2428825
2580,2023,1,캠핑장/펜션,0,4497
2581,2023,1,기타숙박,0,29742307
2582,2023,1,여행업,0,294771
2583,2023,1,육상운송,0,901464
2584,2023,1,수상운송,0,29594
2585,2023,1,항공운송,0,943421
2586,2023,1,렌터카,0,941903
2587,2023,1,면세점,0,16706952
2588,2023,1,관광기념품,0,5141557
2589,2023,1,레저용품쇼핑,0,4932502
2590,2023,1,대형쇼핑몰,0,75478709
2591,2023,1,카지노,0,30946644
2592,2023,1,관광유원시설,0,346601
2593,2023,1,골프장,0,584685
2594,2023,1,스키장,0,0
2595,2023,1,기타레저,0,64389
2596,2023,1,문화서비스,0,441645
2597,2023,1,식음료,0,44419354
2598,2023,2,호텔,0,75211332
2599,2023,2,콘도,0,2504701
2600,2023,2,캠핑장/펜션,0,10749
2601,2023,2,기타숙박,0,30391887
2602,2023,2,여행업,0,343866
2603,2023,2,육상운송,0,919494
2604,2023,2,수상운송,0,30249
2605,2023,2,항공운송,0,729804
2606,2023,2,렌터카,0,835292
2607,2023,2,면세점,0,15422561
2608,2023,2,관광기념품,0,3895480
2609,2023,2,레저용품쇼핑,0,4853972
2610,2023,2,대형쇼핑몰,0,67314518
2611,2023,2,카지노,0,27105480
2612,2023,2,관광유원시설,0,286521
2613,2023,2,골프장,0,624109
2614,2023,2,스키장,0,0
2615,2023,2,기타레저,0,55349
2616,2023,2,문화서비스,0,377888
2617,2023,2,식음료,0,42675082
2618,2023,3,호텔,0,115484660
2619,2023,3,콘도,0,2904936
2620,2023,3,캠핑장/펜션,0,13764
2621,2023,3,기타숙박,0,47826917
2622,2023,3,여행업,0,627677
2623,2023,3,육상운송,0,1904854
2624,2023,3,수상운송,0,78151
2625,2023,3,항공운송,0,1121505
2626,2023,3,렌터카,0,1913688
2627,2023,3,면세점,0,26559236
2628,2023,3,관광기념품,0,6295186
2629,2023,3,레저용품쇼핑,0,8622340
2630,2023,3,대형쇼핑몰,0,113380669
2631,2023,3,카지노,0,30353550
2632,2023,3,관광유원시설,0,588522
2633,2023,3,골프장,0,1349587
2634,2023,3,스키장,0,0
2635,2023,3,기타레저,0,39524
2636,2023,3,문화서비스,0,665611
2637,2023,3,식음료,0,84153332
2638,2023,4,호텔,0,144794112
2639,2023,4,콘도,0,3620977
2640,2023,4,캠핑장/펜션,0,28256
2641,2023,4,기타숙박,0,59448638
2642,2023,4,여행업,0,817223
2643,2023,4,육상운송,0,2446036
2644,2023,4,수상운송,0,115864
2645,2023,4,항공운송,0,1136833
2646,2023,4,렌터카,0,2914192
2647,2023,4,면세점,0,39549979
2648,2023,4,관광기념품,0,10572831
2649,2023,4,레저용품쇼핑,0,10746370
2650,2023,4,대형쇼핑몰,0,156600519
2651,2023,4,카지노,0,30776810
2652,2023,4,관광유원시설,0,1039642
2653,2023,4,골프장,0,2101800
2654,2023,4,스키장,0,0
2655,2023,4,기타레저,0,39799
2656,2023,4,문화서비스,0,1436064
2657,2023,4,식음료,0,107762586
2658,2023,5,호텔,0,147409182
2659,2023,5,콘도,0,4057134
2660,2023,5,캠핑장/펜션,0,30390
2661,2023,5,기타숙박,0,61407130
2662,2023,5,여행업,0,832695
2663,2023,5,육상운송,0,2207491
2664,2023,5,수상운송,0,120044
2665,2023,5,항공운송,0,1255633
2666,2023,5,렌터카,0,2621811
2667,2023,5,면세점,0,45154628
2668,2023,5,관광기념품,0,7968492
2669,2023,5,레저용품쇼핑,0,10806804
2670,2023,5,대형쇼핑몰,0,160914223
2671,2023,5,카지노,0,31322925
2672,2023,5,관광유원시설,0,1064235
2673,2023,5,골프장,0,2962204
2674,2023,5,스키장,0,0
2675,2023,5,기타레저,0,38211
2676,2023,5,문화서비스,0,1340121
2677,2023,5,식음료,0,111504568
2678,2023,6,호텔,0,145484554
2679,2023,6,콘도,0,4027460
2680,2023,6,캠핑장/펜션,0,31759
2681,2023,6,기타숙박,0,61040766
2682,2023,6,여행업,0,936857
2683,2023,6,육상운송,0,2327214
2684,2023,6,수상운송,0,132488
2685,2023,6,항공운송,0,1368856
2686,2023,6,렌터카,0,2611827
2687,2023,6,면세점,0,49602697
2688,2023,6,관광기념품,0,10346227
2689,2023,6,레저용품쇼핑,0,10215290
2690,2023,6,대형쇼핑몰,0,154135209
2691,2023,6,카지노,0,30939011
2692,2023,6,관광유원시설,0,1306694
2693,2023,6,골프장,0,2546771
2694,2023,6,스키장,0,0
2695,2023,6,기타레저,0,31011
2696,2023,6,문화서비스,0,1705292
2697,2023,6,식음료,0,118293553
2698,2023,7,호텔,0,149365733
2699,2023,7,콘도,0,5545796
2700,2023,7,캠핑장/펜션,0,64403
2701,2023,7,기타숙박,0,63756546
2702,2023,7,여행업,0,958731
2703,2023,7,육상운송,0,2348193
2704,2023,7,수상운송,0,165064
2705,2023,7,항공운송,0,1432568
2706,2023,7,렌터카,0,2398880
2707,2023,7,면세점,0,48793932
2708,2023,7,관광기념품,0,9411390
2709,2023,7,레저용품쇼핑,0,10490944
2710,2023,7,대형쇼핑몰,0,158118278
2711,2023,7,카지노,0,36962593
2712,2023,7,관광유원시설,0,1598313
2713,2023,7,골프장,0,2636358
2714,2023,7,스키장,0,0
2715,2023,7,기타레저,0,48528
2716,2023,7,문화서비스,0,3804787
2717,2023,7,식음료,0,114786743
2718,2023,8,호텔,0,203502677
2719,2023,8,콘도,0,11222040
2720,2023,8,캠핑장/펜션,0,25834
2721,2023,8,기타숙박,0,105982938
2722,2023,8,여행업,0,913960
2723,2023,8,육상운송,0,2358124
2724,2023,8,수상운송,0,165112
2725,2023,8,항공운송,0,1405427
2726,2023,8,렌터카,0,2467510
2727,2023,8,면세점,0,56355092
2728,2023,8,관광기념품,0,8980608
2729,2023,8,레저용품쇼핑,0,10832295
2730,2023,8,대형쇼핑몰,0,157048867
2731,2023,8,카지노,0,28728764
2732,2023,8,관광유원시설,0,1475614
2733,2023,8,골프장,0,2279549
2734,2023,8,스키장,0,0
2735,2023,8,기타레저,0,8132
2736,2023,8,문화서비스,0,2567087
2737,2023,8,식음료,0,110477708
2738,2023,9,호텔,0,208178229
2739,2023,9,콘도,0,6262727
2740,2023,9,캠핑장/펜션,0,22326
2741,2023,9,기타숙박,0,92057402
2742,2023,9,여행업,0,903092
2743,2023,9,육상운송,0,2531752
2744,2023,9,수상운송,0,147472
2745,2023,9,항공운송,0,1307110
2746,2023,9,렌터카,0,2689310
2747,2023,9,면세점,0,54445515
2748,2023,9,관광기념품,0,7651518
2749,2023,9,레저용품쇼핑,0,12006806
2750,2023,9,대형쇼핑몰,0,161697181
2751,2023,9,카지노,0,32585316
2752,2023,9,관광유원시설,0,1187126
2753,2023,9,골프장,0,2759523
2754,2023,9,스키장,0,0
2755,2023,9,기타레저,0,6809
2756,2023,9,문화서비스,0,1517142
2757,2023,9,식음료,0,123589546
2758,2023,10,호텔,0,235942900
2759,2023,10,콘도,0,7763459
2760,2023,10,캠핑장/펜션,0,37313
2761,2023,10,기타숙박,0,107758849
2762,2023,10,여행업,0,1093988
2763,2023,10,육상운송,0,2937743
2764,2023,10,수상운송,0,171978
2765,2023,10,항공운송,0,1419479
2766,2023,10,렌터카,0,3144876
2767,2023,10,면세점,0,55830341
2768,2023,10,관광기념품,0,10401894
2769,2023,10,레저용품쇼핑,0,15029740
2770,2023,10,대형쇼핑몰,0,200970308
2771,2023,10,카지노,0,32581542
2772,2023,10,관광유원시설,0,1640719
2773,2023,10,골프장,0,3336672
2774,2023,10,스키장,0,0
2775,2023,10,기타레저,0,42459
2776,2023,10,문화서비스,0,1947386
2777,2023,10,식음료,0,143619935
2778,2023,11,호텔,0,156419942
2779,2023,11,콘도,0,2594959
2780,2023,11,캠핑장/펜션,0,37815
2781,2023,11,기타숙박,0,61829775
2782,2023,11,여행업,0,862150
2783,2023,11,육상운송,0,2542511
2784,2023,11,수상운송,0,110219
2785,2023,11,항공운송,0,1348518
2786,2023,11,렌터카,0,2022673
2787,2023,11,면세점,0,48482213
2788,2023,11,관광기념품,0,9491922
2789,2023,11,레저용품쇼핑,0,12563182
2790,2023,11,대형쇼핑몰,0,177149660
2791,2023,11,카지노,0,37037742
2792,2023,11,관광유원시설,0,1111055
2793,2023,11,골프장,0,2124945
2794,2023,11,스키장,0,0
2795,2023,11,기타레저,0,21561
2796,2023,11,문화서비스,0,1264542
2797,2023,11,식음료,0,124168183
2798,2023,12,호텔,0,149498693
2799,2023,12,콘도,0,3111064
2800,2023,12,캠핑장/펜션,0,48629
2801,2023,12,기타숙박,0,58023574
2802,2023,12,여행업,0,744449
2803,2023,12,육상운송,0,2089213
2804,2023,12,수상운송,0,73488
2805,2023,12,항공운송,0,1400935
2806,2023,12,렌터카,0,1941079
2807,2023,12,면세점,0,48908624
2808,2023,12,관광기념품,0,10236470
2809,2023,12,레저용품쇼핑,0,12080945
2810,2023,12,대형쇼핑몰,0,189038382
2811,2023,12,카지노,0,37594632
2812,2023,12,관광유원시설,0,1041906
2813,2023,12,골프장,0,1676709
2814,2023,12,스키장,0,0
2815,2023,12,기타레저,0,18206
2816,2023,12,문화서비스,0,1261227
2817,2023,12,식음료,0,117909766
